Name,2NDTAG,3RDTAG,Agency,Agent notes for human,Area1,Area2,Artifacts,Contact person,Description,Email,Events,Funding Opportunities,Human notes for agent,LinkedIn,Memes,NewsletterScraper (CA),Ontology,Ontology Tags,Phone number,Projects & Areas,Public Email,SAP,Website,related programs and initiatives
Red de Territorios Regenerativos,"CATBIS, wanna collaborate with",,network/ecosystem,"Ontology relation filled for ecosystem regeneration, network weaving, participatory strategy, habitat connectivity, watershed/landscape repair and portfolio development. Source check remains for Catalunya-specific relevance.","Ops in Europe, Ops in Spain",regional,,,"Iberian network of regenerative territories connecting people, landscapes, and organizations across Spain and Portugal to accelerate social, environmental, and economic landscape regeneration.",,,,,,"Bioregionalism, Eco Social Transition, Regeneration",,"Ecosystem Regeneration (https://app.notion.com/p/Ecosystem-Regeneration-3331441510e1816d83f1e6eb4734ef50?pvs=21), Network_Weaving (https://app.notion.com/p/Network_Weaving-3331441510e18111a00ac80e1492315c?pvs=21), Participatory_Planning_and_Strategies (https://app.notion.com/p/Participatory_Planning_and_Strategies-3331441510e181b09adbd91296317ceb?pvs=21), Habitat_Connectivity (https://app.notion.com/p/Habitat_Connectivity-3331441510e18102979cd784e7b26d42?pvs=21), Watershed_Repair (https://app.notion.com/p/Watershed_Repair-3331441510e181d798ede5c0958fe944?pvs=21), Portfolio_Development (https://app.notion.com/p/Portfolio_Development-3331441510e181df8e8ff4170407af7e?pvs=21)",regenerative territories; landscape restoration; Iberian bioregion; rural regeneration; ecosystem regeneration; social-ecological transition; Spain; Portugal,,,,"Iberian bioregional regeneration network working to make the Iberian Peninsula a reference for landscape restoration and social-ecological regeneration. Relevant to CATBIS as a wider Iberian field-building network for regenerative territories, landscape restoration, rural economies, ecosystem regeneration, and cross-territorial learning that may include or inform Catalan initiatives.",https://redterritoriosregenerativos.com/,
Seabots,,,org,,,,,,,,,,,,,,,,,,,,https://www.seabots.eu/,
Regenesis Institute for Regenerative Practice,"CATBIS, wanna collaborate with",,org,Added CATBIS while preserving existing wanna-collaborate tag. Possible duplicate with Regenesis Institute row; consolidate later if safe.,international,regional,,,"Regenesis Institute for Regenerative Practice offers education and support for practitioners working with living-systems thinking, place-based regenerative development, and transformational systems change.",,,,,https://www.linkedin.com/school/regenesis-institute-for-regenerative-practice/,"Bioregionalism, Regeneration",,"Learning_Programs (https://app.notion.com/p/Learning_Programs-3331441510e181f48fccd81f52b7a58f?pvs=21), Storying_Place (https://app.notion.com/p/Storying_Place-3331441510e18182bf1cd178a1b9ecc1?pvs=21), Network_Weaving (https://app.notion.com/p/Network_Weaving-3331441510e18111a00ac80e1492315c?pvs=21), Peer_Learning (https://app.notion.com/p/Peer_Learning-3331441510e1811fa2ebc276ab53a2f6?pvs=21), Governance_Design (https://app.notion.com/p/Governance_Design-3331441510e1813bb87bd224403e0a56?pvs=21)",regenerative practice; living systems; storying place; practitioner training; regenerative development,,,,"Regenerative-practice education institute and field reference for living systems, storying place, regenerative development, and practitioner training. Relevant to CATBIS as a learning and methodology node for regenerative systems change, while the exact Catalunya-specific relevance should be confirmed.",https://www.regenerat.es/,
Bioregional Weaving Labs Collective / Ashoka,"CATBIS, currently collaborating with",,"network/ecosystem, org",Added CATBIS: strong bioregional regeneration and European field-building relevance. Existing collaboration tag preserved; no new collaboration status inferred.,international,regional,,,"Pan-European collective of 25+ system-changing organisations, funders, and impact investors initiated by Ashoka Netherlands and co-led by Commonland and OpEPA, with partners including the Presencing Institute and The Weaving Lab. Its mission is to mobilise 1 million changemakers to restore, protect, and regenerate 1 million hectares of land and sea in Europe by 2030. The core instrument is the Bioregional Weaving Lab (BWL) — a geographically grounded, multi-stakeholder partnership process that weaves together local innovators, farmers, policymakers, NGOs, and citizens around a shared vision for their territory. The process draws on Theory-U and the 4 Returns framework (natural, social, financial, and inspirational), helping communities map root causes, align on a holistic landscape plan, and connect with funders and investors at bioregional scale. To date, 8 BWLs have been established across Europe (Ireland, the Netherlands, and others), with a target of 10. The Collective represents hundreds of system changers working directly in bioregions on nature-based solutions, ecosystem restoration, and biodiversity.",,,,,https://www.linkedin.com/company/bioregional-weaving-labs-collective,"Bioregionalism, Regeneration",Registered,"Network_Weaving (https://app.notion.com/p/Network_Weaving-3331441510e18111a00ac80e1492315c?pvs=21), Participatory_Planning_and_Strategies (https://app.notion.com/p/Participatory_Planning_and_Strategies-3331441510e181b09adbd91296317ceb?pvs=21), Portfolio_Development (https://app.notion.com/p/Portfolio_Development-3331441510e181df8e8ff4170407af7e?pvs=21), 4_Returns (https://app.notion.com/p/4_Returns-3331441510e1817a9381d248d51cb32d?pvs=21), Peer_Learning (https://app.notion.com/p/Peer_Learning-3331441510e1811fa2ebc276ab53a2f6?pvs=21), Political_Advocacy (https://app.notion.com/p/Political_Advocacy-3331441510e1812880fdd8d661966799?pvs=21)",bioregional weaving labs; 4 Returns; landscape restoration; network weaving; bioregional regeneration; participatory planning; Europe,,,,"International, pan-European scope. Bioregionalism, regeneration. Network weaving across system changers, practitioners, funders, and public bodies; participatory planning and visioning processes at bioregional scale; portfolio development using the 4 Returns framework; peer learning through summits and a community of practice; political advocacy for nature restoration at EU level. Key reference node for the bioregional field in Europe and a central framework reference for this knowledge base.",https://www.ashoka.org/en-nl/program/bioregional-weaving-labs-collective,
Resilience.Earth,"CATBIS, wanna collaborate with",,org,"Ontology relation filled for governance design, participatory strategy, network weaving, learning programs, storying place and systems/resource mapping.","Ops in Catalunya, catalan",regional,,,"Catalan non-profit cooperative strategic consultancy supporting organizations, institutions, and communities through regenerative, resilience-oriented, and bioregional approaches to activate territorial transformation.",,,,,,"Bioregionalism, Eco Social Transition, Regeneration",,"Governance_Design (https://app.notion.com/p/Governance_Design-3331441510e1813bb87bd224403e0a56?pvs=21), Participatory_Planning_and_Strategies (https://app.notion.com/p/Participatory_Planning_and_Strategies-3331441510e181b09adbd91296317ceb?pvs=21), Network_Weaving (https://app.notion.com/p/Network_Weaving-3331441510e18111a00ac80e1492315c?pvs=21), Learning_Programs (https://app.notion.com/p/Learning_Programs-3331441510e181f48fccd81f52b7a58f?pvs=21), Storying_Place (https://app.notion.com/p/Storying_Place-3331441510e18182bf1cd178a1b9ecc1?pvs=21), Systems_and_Resource_Mapping (https://app.notion.com/p/Systems_and_Resource_Mapping-3331441510e1817db512f22616e77166?pvs=21)",regenerative development; resilience; bioregionalization; community facilitation; territorial transformation; cooperative; Garrotxa; Catalunya,,,info@resilience.earth,"Garrotxa/Catalunya-based cooperative working on regeneration, resilience, bioregionalization, community processes, and strategic support for territorial transformation. Relevant to CATBIS as a core Catalan regenerative-development actor with strong capacity in facilitation, governance, community resilience, bioregional thinking, and public/community ecosystem work.",https://resilience.earth/,
Catalan Bioeconomy Ecosystem,CATBIS,,network/ecosystem,"Ontology relation filled for bioeconomy theme, materials/value chains, ecosystem network weaving and hub/container role. Keep human review because this is an ecosystem placeholder rather than a single external actor.","Ops in Catalunya, catalan",regional,,,"Internal ecosystem placeholder for the Catalan bioeconomy ecosystem: actors, programs, research centres, companies, cooperatives, and public bodies working around bio-based value chains and territorial bioeconomy in Catalunya.",,,,,,"Bioeconomy, Eco Social Transition, Regeneration",,"Agro-Bioeconomy (https://app.notion.com/p/Agro-Bioeconomy-3331441510e18101a15cf3113a0d0ee2?pvs=21), Materials_Transformation (https://app.notion.com/p/Materials_Transformation-3331441510e181788e3ad7ffb8a2be05?pvs=21), Value_Chain_Development (https://app.notion.com/p/Value_Chain_Development-3331441510e181b0bf6efa361478dbf2?pvs=21), Network_Weaving (https://app.notion.com/p/Network_Weaving-3331441510e18111a00ac80e1492315c?pvs=21), Cultural_Hub_or_Learning_Center (https://app.notion.com/p/Cultural_Hub_or_Learning_Center-3331441510e18163bf4ce6a952135f8c?pvs=21)",bioeconomy; Catalan ecosystem; circular bioeconomy; agri-food; forestry; biomass; regenerative production,,,,"Useful CATBIS ecosystem-level container for mapping the Catalan bioeconomy field. Should help group actors working on circular bio-based materials, agri-food systems, forestry, biomass, blue bioeconomy, rural development, and regenerative productive landscapes.",,
Cerulean Ventures,CATBIS,,"funder, org","Added CATBIS with confirmation flag: strong climate/nature-positive finance relevance, but Catalunya-specific link is unclear.",international,regional,,,"Pre-seed / seed venture capital firm backing founders using AI, computation, and software to build nature-positive and climate-impact infrastructure across sectors such as food, energy, biodiversity, and supply chains.",,,,,,"Bioeconomy, Impact Investing, Regeneration",,"Investment_Vehicles (https://app.notion.com/p/Investment_Vehicles-3331441510e1819da547e4c9865b3be1?pvs=21), Venture_Cultivation (https://app.notion.com/p/Venture_Cultivation-3331441510e1810a9b93cfddfa945786?pvs=21), Portfolio_Development (https://app.notion.com/p/Portfolio_Development-3331441510e181df8e8ff4170407af7e?pvs=21), Habitat_Connectivity (https://app.notion.com/p/Habitat_Connectivity-3331441510e18102979cd784e7b26d42?pvs=21), Value_Chain_Development (https://app.notion.com/p/Value_Chain_Development-3331441510e181b0bf6efa361478dbf2?pvs=21)",climate tech; venture capital; nature-positive economy; biodiversity; AI,,,,"Pre-seed/seed venture capital firm backing AI/software infrastructure for nature-positive and climate-impact sectors including food, energy, biodiversity, and supply chains. Relevant to CATBIS as a reference funder for climate/nature-positive venture cultivation and regenerative finance, though Catalunya-specific relevance is not clear.",https://cerulean.vc/,
ria — Regenerative Investing Academy,"CATBIS, wanna collaborate with",,"network/ecosystem, org","Ontology relation filled for regenerative investing learning programs, investment vehicles, portfolio development, structuring/capitalization, venture cultivation and peer learning. CATBIS relevance still needs confirmation.","Ops in Europe, international",regional,,,"Regenerative Investing Academy is an educational initiative connected to Atreyu that develops learning journeys, field resources, and practices for regenerative investing and living-systems-aligned capital.",,,,,https://www.linkedin.com/company/regenerative-investing-academy,"Impact Investing, Regeneration",,"Learning_Programs (https://app.notion.com/p/Learning_Programs-3331441510e181f48fccd81f52b7a58f?pvs=21), Investment_Vehicles (https://app.notion.com/p/Investment_Vehicles-3331441510e1819da547e4c9865b3be1?pvs=21), Portfolio_Development (https://app.notion.com/p/Portfolio_Development-3331441510e181df8e8ff4170407af7e?pvs=21), Structuring_and_Capitalization (https://app.notion.com/p/Structuring_and_Capitalization-3331441510e181ca9fbeeaf2171d3045?pvs=21), Venture_Cultivation (https://app.notion.com/p/Venture_Cultivation-3331441510e1810a9b93cfddfa945786?pvs=21), Peer_Learning (https://app.notion.com/p/Peer_Learning-3331441510e1811fa2ebc276ab53a2f6?pvs=21)",regenerative investing; impact investing; living systems; regenerative finance; investor education; Atreyu; Barcelona; learning journeys,,,,"Barcelona-connected regenerative investing education initiative building capacity, language, and practice for investors and investees to align capital with living systems, place, potential, participation, and regeneration. Relevant to CATBIS as financial-learning infrastructure for regenerative finance and impact investing, though its Catalunya-specific ecosystem role should be confirmed.",https://www.regenerativeinvesting.academy/,
Coòpolis,,,,,,,,,,,,,,,,,,,,,,,https://www.bcn.coop/,
Catalan Cooperative Ecosystem,CATBIS,,network/ecosystem,"Ontology relation filled for cooperative ecosystem infrastructure, commons governance, governance bodies, network weaving and participatory planning. Keep human review because this is an ecosystem placeholder.","Ops in Catalunya, catalan",regional,,,"Internal ecosystem placeholder for the Catalan cooperative ecosystem: federations, cooperative hubs, social and solidarity economy actors, and cooperative infrastructure across Catalunya.",,,,,,Eco Social Transition,,"Collective_Ownership_Models (https://app.notion.com/p/Collective_Ownership_Models-3331441510e1811db7b2e4505cc30563?pvs=21), Commons_Governance_Protocols (https://app.notion.com/p/Commons_Governance_Protocols-3331441510e181019702eb428e0a8448?pvs=21), Governance_Bodies (https://app.notion.com/p/Governance_Bodies-3331441510e181688959d5e2a5457fc6?pvs=21), Network_Weaving (https://app.notion.com/p/Network_Weaving-3331441510e18111a00ac80e1492315c?pvs=21), Participatory_Planning_and_Strategies (https://app.notion.com/p/Participatory_Planning_and_Strategies-3331441510e181b09adbd91296317ceb?pvs=21)",cooperativism; social and solidarity economy; Catalan ecosystem; cooperative infrastructure; commons,,,,"Useful CATBIS ecosystem-level container for mapping Catalan cooperativism as enabling infrastructure for ecosocial transition: housing, energy, food, care, digital commons, finance, and social economy networks. Relevant less as a single organization and more as a field-level map object.",,
La Dinamo,,,org,,,,,,,,,,,,,,,,,,info@ladinamofundacio.org,,https://ladinamofundacio.org/,
Bloc4BCN,CATBIS,,"network/ecosystem, org, space",Added CATBIS: clear Barcelona cooperative/social-economy ecosystem infrastructure. No collaboration status inferred.,"Ops in Catalunya, catalan",Baix Llobregat,,,"Barcelona cooperative hub and public-cooperative project supporting cooperatives and social and solidarity economy initiatives with workspace, training, incubation, and ecosystem connection.",,,,,,Eco Social Transition,,"Cultural_Hub_or_Learning_Center (https://app.notion.com/p/Cultural_Hub_or_Learning_Center-3331441510e18163bf4ce6a952135f8c?pvs=21), Learning_Programs (https://app.notion.com/p/Learning_Programs-3331441510e181f48fccd81f52b7a58f?pvs=21), Venture_Cultivation (https://app.notion.com/p/Venture_Cultivation-3331441510e1810a9b93cfddfa945786?pvs=21), Network_Weaving (https://app.notion.com/p/Network_Weaving-3331441510e18111a00ac80e1492315c?pvs=21), Collective_Ownership_Models (https://app.notion.com/p/Collective_Ownership_Models-3331441510e1811db7b2e4505cc30563?pvs=21)",cooperative hub; social and solidarity economy; incubation; workspace; cooperative training; Barcelona,,,info@bloc4.coop,"Barcelona cooperative hub and public-cooperative project providing workspace, training, incubation, and ecosystem connection for cooperatives and social and solidarity economy initiatives. Relevant to CATBIS as strong local infrastructure for cooperative enterprise, social economy, learning, incubation, and ecosocial transition in Catalunya.",https://bloc4.coop/,
Goteo,,,org,,,,,,,,,,,,,,,,,,,,https://goteo.org/,
Ship2B Foundation,CATBIS,,"funder, network/ecosystem, org","Reviewed for RCSH: strong impact/finance ecosystem role, but CATBIS relevance should be confirmed according to specific regenerative/environmental portfolio connections. No collaboration status inferred.","Ops in Catalunya, Ops in Spain, catalan",regional,,,"Barcelona-based foundation and impact-investing ecosystem builder supporting startups and organizations that address social and environmental challenges through acceleration, investment, and cross-sector collaboration.",,,,,,"Eco Social Transition, Impact Investing",,"Investment_Vehicles (https://app.notion.com/p/Investment_Vehicles-3331441510e1819da547e4c9865b3be1?pvs=21), Venture_Cultivation (https://app.notion.com/p/Venture_Cultivation-3331441510e1810a9b93cfddfa945786?pvs=21), Portfolio_Development (https://app.notion.com/p/Portfolio_Development-3331441510e181df8e8ff4170407af7e?pvs=21), Grants_Programs (https://app.notion.com/p/Grants_Programs-3331441510e18166b8a7ffb8c528af98?pvs=21), Network_Weaving (https://app.notion.com/p/Network_Weaving-3331441510e18111a00ac80e1492315c?pvs=21)",impact investing; venture philanthropy; startup acceleration; social innovation; environmental impact; Barcelona; ecosystem building,,,,"Catalan impact and venture-philanthropy ecosystem actor supporting social/environmental startups, impact investment, acceleration and cross-sector innovation. Relevant to CATBIS as finance and venture-cultivation infrastructure for regenerative, climate, social-impact and ecosystem-transition initiatives in Catalunya, though specific CATBIS thematic fit should be reviewed per portfolio.",https://www.ship2b.org/,
Eixarcolant,"CATBIS, wanna collaborate with",,org,"Ontology relation filled for seeds/nurseries, traditional ecological knowledge, community food access, regenerative/agroecological production, citizen science, network weaving and learning programs.","Ops in Catalunya, catalan","Anoia, Catalunya Central, regional",,,"Non-profit cooperative (Cooperativa Eixarcolant, SCCL) based in Jorba (Anoia, Catalunya Central), founded in 2016, working to recover and reintroduce wild edible plants and traditional agricultural varieties as a lever for transforming the agri-food system toward a more sustainable, healthy, and just model. Its name comes from the Catalan word for hand-weeding — reclaiming so-called ""weeds"" as valuable resources. Core work spans ethnobotanical prospection and oral history gathering; a seed bank of 400+ entries of wild and traditional varieties; seed and seedling commercialisation; consumer and producer education; and a network of territorial nodes across Catalunya. Organises annual events including the Jornada Gastronòmica de les Plantes Oblidades (Gastronomy Day of Forgotten Plants), ethnobotany film screenings, and hands-on workshops. Has collaborated with the Centro Nacional de Recursos Fitogenéticos to repatriate and recultivate traditional varieties from central Catalunya that had been preserved off-site for decades. Also runs the SINGULARS project, a coalition of 200+ people and organisations to normalise the consumption of local, healthy, affordable food while supporting local farming and trade.",,,,,,"Bioregionalism, Eco Social Transition, Regeneration",Registered,"Seeds_and_Nurseries (https://app.notion.com/p/Seeds_and_Nurseries-3331441510e1810da06fe334de5c94c3?pvs=21), Traditional_Ecological_Knowledge (https://app.notion.com/p/Traditional_Ecological_Knowledge-3331441510e181259b3ad2370358bb34?pvs=21), Community_Food_Access (https://app.notion.com/p/Community_Food_Access-3331441510e1817daf1efe81df7ef31c?pvs=21), Regenerative_Agriculture (https://app.notion.com/p/Regenerative_Agriculture-3331441510e181a3a4c8d5e5948fe526?pvs=21), Citizen_or_Community_Science (https://app.notion.com/p/Citizen_or_Community_Science-3331441510e18139bf23e5d54ba36cbe?pvs=21), Network_Weaving (https://app.notion.com/p/Network_Weaving-3331441510e18111a00ac80e1492315c?pvs=21), Learning_Programs (https://app.notion.com/p/Learning_Programs-3331441510e181f48fccd81f52b7a58f?pvs=21)",wild edible plants; ethnobotany; seed bank; traditional varieties; agri-food transition; food sovereignty; agroecology; Anoia; Catalunya Central,,,info@eixarcolant.cat,"Based in Jorba (Anoia), operations Catalunya-wide with a focus on Catalunya Central (Anoia, Urgell, Noguera). Bioregionalism, regeneration, ecosocial transition. Seed conservation and nursery; traditional ecological knowledge recovery through ethnobotanical fieldwork; regenerative and agroecological agriculture; community food access and food sovereignty; learning programmes and popular education; citizen science; territorial network weaving through local nodes and annual events.",https://eixarcolant.cat/,
Grup de Defensa del Ter (GDT) ,,,org,,,,,,,,,,,,,,,,,,gdter@gdter.org,,https://www.gdter.org/,
Bloom Network,"CATBIS, bioreg",,"network/ecosystem, org","Added CATBIS while preserving existing bioreg tag. Strong regenerative network relevance, but Catalunya-specific connection should be checked.",international,regional,,,"Global local-first social network and community infrastructure connecting regenerative projects, local chapters, and grassroots climate/community action.",,,,,,"Bioregionalism, Eco Social Transition, Regeneration",,"Network_Weaving (https://app.notion.com/p/Network_Weaving-3331441510e18111a00ac80e1492315c?pvs=21), Cultural_Hub_or_Learning_Center (https://app.notion.com/p/Cultural_Hub_or_Learning_Center-3331441510e18163bf4ce6a952135f8c?pvs=21), Participatory_Planning_and_Strategies (https://app.notion.com/p/Participatory_Planning_and_Strategies-3331441510e181b09adbd91296317ceb?pvs=21), Learning_Programs (https://app.notion.com/p/Learning_Programs-3331441510e181f48fccd81f52b7a58f?pvs=21)",regenerative network; local chapters; community action; bioregionalism,,,,"Global local-first social network and community infrastructure connecting regenerative projects, local chapters, and grassroots climate/community action. Relevant to CATBIS as a reference network for bioregional organizing, local chapters, community action, and regenerative project coordination, though Catalunya-specific relevance should be confirmed.",https://bloomnetwork.earth/,
PLATAFORMA POR EL RÍO SIURANA,,,org,,,,,,,,,,,,,,,,,,,,https://riusiuranaviu.wordpress.com/,
Pam a Pam,,,org,,,,,,,,,,,,,,,,,,hola@pamapam.cat,,pamapam.cat,
Catalunya Clusters Ecosystem,CATBIS,,network/ecosystem,"Ontology relation filled for cluster/ecosystem mapping, network weaving, hub role, venture cultivation, value-chain development and systems mapping. Keep human review because relevance depends on specific regenerative/circular/bioeconomy cluster links.","Ops in Catalunya, catalan",regional,,,"Internal ecosystem placeholder for Catalunya’s cluster ecosystem: sectoral business and innovation clusters that may connect to bioeconomy, circular economy, food systems, energy, and territorial transition.",,,,,,"Bioeconomy, Eco Social Transition",,"Network_Weaving (https://app.notion.com/p/Network_Weaving-3331441510e18111a00ac80e1492315c?pvs=21), Cultural_Hub_or_Learning_Center (https://app.notion.com/p/Cultural_Hub_or_Learning_Center-3331441510e18163bf4ce6a952135f8c?pvs=21), Venture_Cultivation (https://app.notion.com/p/Venture_Cultivation-3331441510e1810a9b93cfddfa945786?pvs=21), Value_Chain_Development (https://app.notion.com/p/Value_Chain_Development-3331441510e181b0bf6efa361478dbf2?pvs=21), Systems_and_Resource_Mapping (https://app.notion.com/p/Systems_and_Resource_Mapping-3331441510e1817db512f22616e77166?pvs=21)",clusters; Catalan ecosystem; innovation ecosystem; sector networks; bioeconomy; circular economy,,,,Potential CATBIS ecosystem-level container for tracking cluster organizations and sectoral innovation infrastructure in Catalunya. Relevance depends on links to regenerative/circular/bioeconomy sectors rather than all clusters generally.,,
Som Ecosystem,"CATBIS, wanna collaborate with",,network/ecosystem,"Reviewed for RCSH: appears to be an internal ecosystem/container row, not a single organization. Needs human/source check and possible clarification of scope.","Ops in Catalunya, catalan",regional,,,"Internal ecosystem/container row for the Som / social-economy cooperative ecosystem in Catalunya, likely grouping cooperative, commons, and solidarity-economy actors connected to ecosocial transition.",,,,,,Eco Social Transition,,"Collective_Ownership_Models (https://app.notion.com/p/Collective_Ownership_Models-3331441510e1811db7b2e4505cc30563?pvs=21), Commons_Governance_Protocols (https://app.notion.com/p/Commons_Governance_Protocols-3331441510e181019702eb428e0a8448?pvs=21), Governance_Bodies (https://app.notion.com/p/Governance_Bodies-3331441510e181688959d5e2a5457fc6?pvs=21), Network_Weaving (https://app.notion.com/p/Network_Weaving-3331441510e18111a00ac80e1492315c?pvs=21), Participatory_Planning_and_Strategies (https://app.notion.com/p/Participatory_Planning_and_Strategies-3331441510e181b09adbd91296317ceb?pvs=21)",cooperative ecosystem; social and solidarity economy; commons; Catalan ecosystem; Som; ecosocial transition,,,,"Potential CATBIS ecosystem-level container for mapping Som-linked cooperative/social-economy infrastructure in Catalunya. Relevant if used to group actors in cooperative finance, energy, housing, culture, food, and commons-based ecosocial transition; should be human-reviewed because it is not a single external actor.",,
La Casa dels Futurs,CATBIS,,"network/ecosystem, org, space","Ontology relation filled for movement/learning hub, learning programs, network weaving, participatory planning, advocacy and commons governance.","Ops in Catalunya, catalan",regional,,,"Barcelona climate justice project working to create long-term physical, social, and educational infrastructure, including a Climate Justice Center and Movement School for social and ecological movements.",,,,,,"Eco Social Transition, Regeneration",,"Cultural_Hub_or_Learning_Center (https://app.notion.com/p/Cultural_Hub_or_Learning_Center-3331441510e18163bf4ce6a952135f8c?pvs=21), Learning_Programs (https://app.notion.com/p/Learning_Programs-3331441510e181f48fccd81f52b7a58f?pvs=21), Network_Weaving (https://app.notion.com/p/Network_Weaving-3331441510e18111a00ac80e1492315c?pvs=21), Participatory_Planning_and_Strategies (https://app.notion.com/p/Participatory_Planning_and_Strategies-3331441510e181b09adbd91296317ceb?pvs=21), Political_Advocacy (https://app.notion.com/p/Political_Advocacy-3331441510e1812880fdd8d661966799?pvs=21), Commons_Governance_Protocols (https://app.notion.com/p/Commons_Governance_Protocols-3331441510e181019702eb428e0a8448?pvs=21)",climate justice; movement school; ecosocial transition; urban commons; mutual aid; social movements; Barcelona,,,hello@casafuturs.org,"Barcelona climate-justice and movement-infrastructure project creating physical, educational, and social space for ecosocial transition. Relevant to CATBIS as urban movement infrastructure for climate justice, community resilience, mutual aid, political education, and regenerative/ecosocial organizing in Catalunya.",https://www.casafuturs.org,
Adrià,,,ind,"Needs review: only first name is available, with no email, website, LinkedIn, body context, or affiliation. Kept as individual (ind) and left enrichment fields empty until more context is available.",,,,,Individual contact named Adrià. Insufficient public/contextual information available to identify affiliation or role confidently.,,,,,,,,,,,,,,,
Circular Economy Catalan Ecosystem,CATBIS,,network/ecosystem,"Ontology relation filled for circular materials, value chains, regional sourcing, systems/resource mapping and hub/container role. Keep human review because this is an ecosystem placeholder.","Ops in Catalunya, catalan",regional,,,"Internal ecosystem placeholder for Catalunya’s circular economy field: actors, hubs, cooperatives, companies, public programs, and innovation initiatives working on circular production and consumption.",,,,,,"Bioeconomy, Eco Social Transition",,"Materials_Transformation (https://app.notion.com/p/Materials_Transformation-3331441510e181788e3ad7ffb8a2be05?pvs=21), Value_Chain_Development (https://app.notion.com/p/Value_Chain_Development-3331441510e181b0bf6efa361478dbf2?pvs=21), Regional_Sourcing (https://app.notion.com/p/Regional_Sourcing-3331441510e181fa86cfe532fb8c7876?pvs=21), Systems_and_Resource_Mapping (https://app.notion.com/p/Systems_and_Resource_Mapping-3331441510e1817db512f22616e77166?pvs=21), Cultural_Hub_or_Learning_Center (https://app.notion.com/p/Cultural_Hub_or_Learning_Center-3331441510e18163bf4ce6a952135f8c?pvs=21)",circular economy; Catalan ecosystem; circular production; circular consumption; materials; industrial transition,,,,"Useful CATBIS ecosystem-level container for mapping circular-economy infrastructure in Catalunya. Relevant to bioeconomy, industrial transition, waste/material loops, cooperative production, urban sustainability, and regenerative economic models.",,
European Forest Institute,"CATBIS, wanna collaborate with",,org,"Ontology relation filled for forest science, ecological monitoring, habitat connectivity, network weaving, policy advocacy, forest/bioeconomy value chains and landscape mapping.","Ops in Europe, international",regional,,,"International organisation established by European States in 1993, headquartered in Joensuu, Finland, with offices in Barcelona, Bonn, Brussels, Rome, and Malaysia. Has 30 member countries and ~130 member organisations from 41 countries. Conducts interdisciplinary research and provides science-to-policy support on forest-related issues across three programmes: Bioeconomy, Governance, and Resilience. Its Barcelona office — hosted at the Sant Pau Art Nouveau Site — is home to the Mediterranean Facility (EFIMED), the Genetic Resources Facility (EFIGEN), and the International Partnerships Facility. EFIMED specifically focuses on improving the resilience of Mediterranean forested landscapes through research, policy advice, and networking, and runs the Mediterranean Forest Research Agenda 2030, a biennial Mediterranean Forest Week, a Young Leadership Programme, and the MedForest open-access knowledge platform. Also hosts the EFI Bioregions Facility, which supports bioregion-scale forest governance and landscape approaches across Europe. Strong overlap with the bioregional and Mediterranean ecosystem research agenda.",,,,,https://www.linkedin.com/company/european-forest-institute,"Bioeconomy, Bioregionalism, Regeneration",Registered,"Formal_Scientific_Process (https://app.notion.com/p/Formal_Scientific_Process-3331441510e181298bb3ee02c9dad9da?pvs=21), Ecological_Monitoring (https://app.notion.com/p/Ecological_Monitoring-3331441510e1816ba8f8c71a168a276e?pvs=21), Habitat_Connectivity (https://app.notion.com/p/Habitat_Connectivity-3331441510e18102979cd784e7b26d42?pvs=21), Network_Weaving (https://app.notion.com/p/Network_Weaving-3331441510e18111a00ac80e1492315c?pvs=21), Political_Advocacy (https://app.notion.com/p/Political_Advocacy-3331441510e1812880fdd8d661966799?pvs=21), Value_Chain_Development (https://app.notion.com/p/Value_Chain_Development-3331441510e181b0bf6efa361478dbf2?pvs=21), Geographic_and_Ecological_Mapping (https://app.notion.com/p/Geographic_and_Ecological_Mapping-3331441510e1813bbf09e5818bc0fae6?pvs=21)",forests; Mediterranean forests; forest resilience; bioeconomy; forest governance; genetic resources; bioregions; landscape approaches; science-policy,,,efimed@efi.int,"Global headquarters in Finland; Barcelona office (Barcelonès, Mediterranean Coastal) hosts Mediterranean and genetic resources work. Bioregionalism, regeneration. Formal scientific research on forest ecosystems and global change; ecological and territorial monitoring; knowledge production and policy-relevant publications; network weaving across researchers, practitioners, and policymakers; political advocacy at EU level on forest policy and nature restoration; habitat connectivity and landscape-scale forest resilience. The EFIMED and Bioregions Facility are directly relevant to the bioregional knowledge base and Mediterranean ecosystem context.",https://efi.int/,
Justina,,,ind,,,,,,,,,,,,,,,,,,,,,
Júlia,,,ind,,,,,,,,,,,,,,,,,,,,,
Associació / Col·legi d'Enginyers Agrònoms de Catalunya,CATBIS,"Food, Social","network/ecosystem, org",,"Ops in Catalunya, catalan",regional,,,"Enginyers Agrònoms de Catalunya (COEAC) is the Catalan professional college/association for agricultural engineers, offering professional services, training, sector commissions, and representation for agronomy and agri-food professionals.",,,,,https://www.linkedin.com/company/enginyers-agronoms,"Bioeconomy, Eco Social Transition",,"Learning_Programs (https://app.notion.com/p/Learning_Programs-3331441510e181f48fccd81f52b7a58f?pvs=21), Farmer_Support (https://app.notion.com/p/Farmer_Support-3331441510e18121891cff38c403492d?pvs=21), Governance_Bodies (https://app.notion.com/p/Governance_Bodies-3331441510e181688959d5e2a5457fc6?pvs=21), Regenerative_Agriculture (https://app.notion.com/p/Regenerative_Agriculture-3331441510e181a3a4c8d5e5948fe526?pvs=21)",agronomy; agricultural engineers; agri-food professionals; professional training; Catalunya; bioeconomy,93 215 26 00 / 93 215 26 04,,agronoms@agronoms.cat,"Catalan public-law professional college and association for agricultural engineers. Relevant to CATBIS as professional and knowledge infrastructure for agronomy, agri-food systems, agriculture, territorial management, environmental practice, food-loss prevention, and bioeconomy transition in Catalunya. Regenerative orientation is indirect but materially relevant through the agri-food professional ecosystem.",https://agronoms.cat/,
Commonland,"CATBIS, bioreg, currently collaborating with",,org,Added CATBIS: strong bioregional regeneration reference actor with Spain presence through AlVelAl and existing collaboration tag preserved. No new collaboration status inferred.,international,regional,,,"Amsterdam-based nonprofit foundation (founded 2013) whose mission is to facilitate large-scale, holistic landscape restoration across degraded ecosystems worldwide. Works in 20+ countries by bringing together farmers, conservationists, investors, companies, and communities around a shared landscape vision. Core framework is the 4 Returns approach — delivering returns of inspiration, social capital, natural capital, and financial capital simultaneously — which has become one of the most widely adopted frameworks in the landscape restoration and bioregional fields. Active on the ground through a growing portfolio of landscape projects across Europe, Africa, and beyond (including the Altiplano Estepario in SE Spain, operated through AlVelAl). Also co-leads the Bioregional Weaving Labs Collective alongside Ashoka and OpEPA, and runs a regional learning network in the Netherlands (the Versnellingshuis). IUCN member; works closely with scientific institutions and the IUCN Commission on Ecosystem Management. Accepts donations and impact investment through a dedicated landscape finance programme.",,,,,https://www.linkedin.com/company/commonland,"Bioregionalism, Regeneration",Registered,"4_Returns (https://app.notion.com/p/4_Returns-3331441510e1817a9381d248d51cb32d?pvs=21), Portfolio_Development (https://app.notion.com/p/Portfolio_Development-3331441510e181df8e8ff4170407af7e?pvs=21), Network_Weaving (https://app.notion.com/p/Network_Weaving-3331441510e18111a00ac80e1492315c?pvs=21), Participatory_Planning_and_Strategies (https://app.notion.com/p/Participatory_Planning_and_Strategies-3331441510e181b09adbd91296317ceb?pvs=21), Watershed_Repair (https://app.notion.com/p/Watershed_Repair-3331441510e181d798ede5c0958fe944?pvs=21), Regenerative_Agriculture (https://app.notion.com/p/Regenerative_Agriculture-3331441510e181a3a4c8d5e5948fe526?pvs=21), Investment_Vehicles (https://app.notion.com/p/Investment_Vehicles-3331441510e1819da547e4c9865b3be1?pvs=21)",4 Returns; landscape restoration; bioregional weaving; landscape finance; regenerative agriculture; portfolio development; ecosystem restoration,,,info@commonland.com,"International, operations across Europe, Africa, and beyond; Spain presence through the AlVelAl landscape (Altiplano Estepario). Bioregionalism, regeneration. Portfolio development and landscape finance using the 4 Returns framework; network weaving across changemakers, funders, and public bodies; participatory planning and visioning at landscape scale; watershed and ecosystem restoration; regenerative agriculture; political advocacy at EU level for nature restoration. Co-architect of the BWL Collective framework and a primary conceptual reference for the bioregional knowledge base.",https://commonland.com/es/redes-de-tejido-biorregional-que-conectan-a-las-personas-y-la-tierra/,
Soul Food Forest Farms,,,org,,"catalan, international",,,,,,,,,,,,,,,,,,https://soulfoodforestfarms.it/,
Crisis Coop,,,"org, space",Cultural / educational social-economy actor in Barcelona. Not clearly regeneration-focused; CATBIS not added.,"Ops in Catalunya, catalan",,,,"Barcelona critical-thinking space offering courses, seminars, workshops, reading groups, and public activities across feminism, philosophy, humanities, arts, science, and culture.",,,,,,Eco Social Transition,,,,,,hola@crisicoop.org,,https://crisicoop.org/,
Research & Degrowth / Degrowth Institute,CATBIS,,"network/ecosystem, org","Added CATBIS with confirmation flag: strong ecosocial/post-growth relevance, but Catalunya-specific role should be checked.","Ops in Europe, international",regional,,,"Degrowth organization advancing research, education, events, and organizing for a socially just and ecological economy beyond endless economic growth.",,,,,,"Eco Social Transition, Regeneration",,"Political_Advocacy (https://app.notion.com/p/Political_Advocacy-3331441510e1812880fdd8d661966799?pvs=21), Learning_Programs (https://app.notion.com/p/Learning_Programs-3331441510e181f48fccd81f52b7a58f?pvs=21), Network_Weaving (https://app.notion.com/p/Network_Weaving-3331441510e18111a00ac80e1492315c?pvs=21), Participatory_Planning_and_Strategies (https://app.notion.com/p/Participatory_Planning_and_Strategies-3331441510e181b09adbd91296317ceb?pvs=21), Socioeconomic_Indicators (https://app.notion.com/p/Socioeconomic_Indicators-3331441510e18157a612f3f5a0403f09?pvs=21)",degrowth; post-growth; ecological economics; just transition,,,,"Degrowth research, education, events, and organizing network advancing socially just ecological economies beyond endless growth. Relevant to CATBIS as an ecosocial-transition reference for post-growth economics, ecological justice, policy critique, and movement learning across Europe and beyond.",https://degrowth.org/,
La Fundicio’,"CATBIS, currently collaborating with",,org,"Ontology relation filled for art/storytelling, popular learning, cultural hub role, commons governance, peer learning and network weaving.",catalan,"Baix Llobregat, Mediterranean Pre-Coastal",,,"Cultural and educational cooperative (founded 2006, based in L'Hospitalet de Llobregat) that drives situated processes to collectively institute material and symbolic practices, forms of relation, and knowledges understood as common-use resources. Works at the intersection of critical art, popular education, and community organising, with a long-term, place-based presence in working-class neighbourhoods — particularly La Florida and Bellvitge in L'Hospitalet. Part of La Col·lectiva, the Ateneu Cooperatiu of L'Hospitalet. Operates horizontally and transdisciplinarily, combining feminist, anti-racist, and cooperative principles throughout all its work.",,,,,-,Eco Social Transition,Registered,"Art_and_Storytelling (https://app.notion.com/p/Art_and_Storytelling-3331441510e181ba993ecde5ccf02fac?pvs=21), Learning_Programs (https://app.notion.com/p/Learning_Programs-3331441510e181f48fccd81f52b7a58f?pvs=21), Cultural_Hub_or_Learning_Center (https://app.notion.com/p/Cultural_Hub_or_Learning_Center-3331441510e18163bf4ce6a952135f8c?pvs=21), Commons_Governance_Protocols (https://app.notion.com/p/Commons_Governance_Protocols-3331441510e181019702eb428e0a8448?pvs=21), Peer_Learning (https://app.notion.com/p/Peer_Learning-3331441510e1811fa2ebc276ab53a2f6?pvs=21), Network_Weaving (https://app.notion.com/p/Network_Weaving-3331441510e18111a00ac80e1492315c?pvs=21)",critical art; popular education; community organising; urban commons; situated knowledge; L'Hospitalet; social economy; cultural commons,,,,"Based in L'Hospitalet (Baix Llobregat, Mediterranean Coastal/Pre-Coastal); work is neighbourhood and territory-rooted. Ecosocial transition. Participatory workshops and community processes; popular and critical education; art and storytelling as social transformation tools; knowledge production and publication; place-making and territorial practices; peer learning; cultural hub and convening. Relevant to the knowledge base for its practice-based approach to commoning, community resilience, and situated socio-environmental processes in urban-periphery contexts.",https://lafundicio.net/,
"Local Futures ",,,org,,,,,,,,,,,,,,,,,,,,https://www.localfutures.org/,
La Ciutat Invisible,,,org,,,,,,,,,,,,,,,,,,cooperativa@laciutatinvisible.coop,,https://www.invisible.coop/,
Fundacio’ Seira,,,"funder, org",Review: duplicate row of Fundació Seira (primary: 9df14415...). Merge or archive this duplicate.,,,,,"Fundació Seira is a Catalan cooperative foundation providing patient capital, loans, and equity to social economy enterprises and cooperatives. It supports democratic ownership models and economic transition in Catalonia through participatory finance.",,,,,,,,,"Investment_Vehicles, Grants_Programs, Collective_Ownership_Models",,,,,https://fundacioseira.coop/en,
"Fjallgas ",,,org,,,,,,,,,,,,,,,,,,,,https://fjallgas.agency/,
CREAF - Centre de Recerca Ecològica i Aplicacions Forestals,"CATBIS, wanna collaborate with",,"org, public body","Ontology relation filled for formal scientific process, ecological monitoring, GIS/Earth observation mapping, citizen science, regenerative agriculture, habitat connectivity and systems mapping. Possible duplicate with shorter CREAF row remains.",catalan,regional,,,"Public research centre founded in 1987 by the Generalitat de Catalunya, UAB, and the Institut d'Estudis Catalans (IEC), with the UB and IRTA subsequently joining. Based at the UAB campus in Cerdanyola del Vallès, CREAF is dedicated to terrestrial ecology, territorial analysis, and global change, pursuing excellence in both basic and applied research. Works across four core areas: biodiversity, ecosystem functioning, global change, and Earth observation (remote sensing and GIS). Key applied topics include regenerative agriculture, nature-based solutions, Mediterranean basin ecosystems, citizen science, and ecosystem services. Produces conceptual and methodological tools to support environmental management and territorial planning by public administrations and private actors. Acts as a bridge between academia, government, and society, and is positioned as a reference centre for terrestrial ecology and global change research in the Mediterranean region.",,,,,https://www.linkedin.com/company/creaf,"Bioregionalism, Eco Social Transition, Regeneration",,"Formal_Scientific_Process (https://app.notion.com/p/Formal_Scientific_Process-3331441510e181298bb3ee02c9dad9da?pvs=21), Ecological_Monitoring (https://app.notion.com/p/Ecological_Monitoring-3331441510e1816ba8f8c71a168a276e?pvs=21), Geographic_and_Ecological_Mapping (https://app.notion.com/p/Geographic_and_Ecological_Mapping-3331441510e1813bbf09e5818bc0fae6?pvs=21), Citizen_or_Community_Science (https://app.notion.com/p/Citizen_or_Community_Science-3331441510e18139bf23e5d54ba36cbe?pvs=21), Regenerative_Agriculture (https://app.notion.com/p/Regenerative_Agriculture-3331441510e181a3a4c8d5e5948fe526?pvs=21), Habitat_Connectivity (https://app.notion.com/p/Habitat_Connectivity-3331441510e18102979cd784e7b26d42?pvs=21), Systems_and_Resource_Mapping (https://app.notion.com/p/Systems_and_Resource_Mapping-3331441510e1817db512f22616e77166?pvs=21)",ecology; forestry; biodiversity; global change; Earth observation; regenerative agriculture; nature-based solutions; Mediterranean ecosystems; ecosystem services,,,contacte@creaf.uab.cat,"Based in Cerdanyola del Vallès, research scope is Catalunya-wide and Mediterranean basin with international collaborations. Regeneration, ecosocial transition. Ecological monitoring and long-term ecosystem research, formal scientific production, geographic and territorial mapping using remote sensing and GIS, citizen science programmes, territorial monitoring of biodiversity and global change impacts. Potential scientific partner and knowledge anchor for the bioregional knowledge base, particularly on Mediterranean ecosystems, land use change, and nature-based solutions.",https://www.creaf.cat/,
SOS Costa Brava,,,org,,,,,,,,,,,,,,,,,,hola@soscostabrava.cat,,https://soscostabrava.cat/,
"Miceli Social ","CATBIS, currently collaborating with",,"network/ecosystem, org","Ontology relation filled for rural network weaving, participatory strategy, governance, agroecology/regenerative agriculture, ecological monitoring and advocacy.","Ops in Catalunya, catalan",regional,,,"Catalan rural cooperative services hub based in Ripoll that brings together social-economy projects to support rural territories facing systemic crisis through regenerative development, governance, participation, land stewardship, forestry management, agroecological dynamization, entrepreneurship, global justice, and migrant reception.",,,,,,"Bioeconomy, Eco Social Transition, Regeneration",,"Network_Weaving (https://app.notion.com/p/Network_Weaving-3331441510e18111a00ac80e1492315c?pvs=21), Participatory_Planning_and_Strategies (https://app.notion.com/p/Participatory_Planning_and_Strategies-3331441510e181b09adbd91296317ceb?pvs=21), Governance_Bodies (https://app.notion.com/p/Governance_Bodies-3331441510e181688959d5e2a5457fc6?pvs=21), Regenerative_Agriculture (https://app.notion.com/p/Regenerative_Agriculture-3331441510e181a3a4c8d5e5948fe526?pvs=21), Ecological_Monitoring (https://app.notion.com/p/Ecological_Monitoring-3331441510e1816ba8f8c71a168a276e?pvs=21), Political_Advocacy (https://app.notion.com/p/Political_Advocacy-3331441510e1812880fdd8d661966799?pvs=21)",rural regeneration; social economy; land stewardship; forest management; agroecology; rural governance; Ripoll; ecosocial transition,,,info@miceli.social,"Ripoll-based cooperative platform for rural regeneration and social economy services. Relevant to CATBIS as territorial infrastructure for rural resilience, regenerative development, land stewardship, forest management, agroecology, local governance, and ecosocial transition in Catalan rural contexts.",https://miceli.social/,
Carmen,,,ind,,,,,,,,,,,,,,,,,,,,,
Rezero,,,org,,,,,,,,,,,,,,,,,,info@rezero.cat,,https://www.rezero.cat/en/,
The BioFi Project,wanna collaborate with,,org,,,,,,,,,,,,,,,,,,,,https://www.biofi.earth/,
Alba,,,ind,"Needs review: only first name is available, with no email, website, LinkedIn, body context, or affiliation. Kept as individual (ind) and left enrichment fields empty until more context is available.",,,,,Individual contact named Alba. Insufficient public/contextual information available to identify affiliation or role confidently.,,,,,,,,,,,,,,,
Observatori del Paisatge Catalunya,"CATBIS, wanna collaborate with",,"org, public body","Ontology relation filled for landscape/ecological mapping, monitoring, territorial monitoring, territorial zoning, scientific process and policy advocacy.","Ops in Catalunya, catalan",regional,,,"Advisory body of the Government of Catalonia and Catalan society on landscape, created to study, protect, manage, plan, and raise awareness about Catalan landscapes and their values within a sustainable development framework.",,,,,,"Bioregionalism, Eco Social Transition, Regeneration",,"Geographic_and_Ecological_Mapping (https://app.notion.com/p/Geographic_and_Ecological_Mapping-3331441510e1813bbf09e5818bc0fae6?pvs=21), Ecological_Monitoring (https://app.notion.com/p/Ecological_Monitoring-3331441510e1816ba8f8c71a168a276e?pvs=21), Territorial_Monitoring (https://app.notion.com/p/Territorial_Monitoring-3331441510e18195ab40fce1a0e38106?pvs=21), Territorial_Zoning (https://app.notion.com/p/Territorial_Zoning-3331441510e1813bbfb0eb18b74e7f5c?pvs=21), Formal_Scientific_Process (https://app.notion.com/p/Formal_Scientific_Process-3331441510e181298bb3ee02c9dad9da?pvs=21), Political_Advocacy (https://app.notion.com/p/Political_Advocacy-3331441510e1812880fdd8d661966799?pvs=21)",landscape; territorial planning; landscape catalogues; cultural landscape; biodiversity; sustainable development; Catalunya; public policy,,,observatori@catpaisatge.net,"Catalan landscape knowledge and policy body producing landscape catalogues, awareness, publications, and advisory work for landscape protection, management, and planning. Relevant to CATBIS as institutional knowledge infrastructure for territorial diagnosis, landscape values, biodiversity/cultural landscape stewardship, and sustainable territorial planning across Catalunya.",https://www.catpaisatge.net/en,
ReFi Iberia telegram group,,,,,,,,,,,,,,,,,,,,,,,https://t.me/+MvdsLA1rGcRiMTQ0,
Crowdfarming,"CATBIS, wanna collaborate with",,org,"Ontology relation filled for farmer support, value-chain development, regional sourcing, community food access and regenerative agriculture.","Ops in Spain, international",regional,,,"Madrid-headquartered B Corp (founded 2017 by Gonzalo and Gabriel Úrculo, Juliette Simonin, and Moises Calviño) and market leader in the European farmer-to-consumer direct sales industry. Originally born from Naranjas del Carmen, a Valencia orange farm that built its own direct sales infrastructure, CrowdFarming now offers farmers a full one-stop-shop platform — IT infrastructure, logistics, customer service, packaging, and marketing — to sell directly to end consumers across Spain, France, Germany, and Italy. Its signature model is the tree adoption system, where consumers finance a tree or plant and receive its harvest, building a direct relationship between producer and consumer and significantly reducing food waste. Also offers direct box subscriptions for seasonal organic produce. Has raised $34.2M from impact investors including Triodos, Astanor, and Seaya Ventures, and secured a €15M EIB loan in 2023. Certified B Corp with a score of 106.6. Increasingly integrating regenerative agriculture practices into its farmer network.",,,,,https://www.linkedin.com/company/crowdfarming,Regeneration,no Newsletter,"Farmer_Support (https://app.notion.com/p/Farmer_Support-3331441510e18121891cff38c403492d?pvs=21), Value_Chain_Development (https://app.notion.com/p/Value_Chain_Development-3331441510e181b0bf6efa361478dbf2?pvs=21), Regional_Sourcing (https://app.notion.com/p/Regional_Sourcing-3331441510e181fa86cfe532fb8c7876?pvs=21), Community_Food_Access (https://app.notion.com/p/Community_Food_Access-3331441510e1817daf1efe81df7ef31c?pvs=21), Regenerative_Agriculture (https://app.notion.com/p/Regenerative_Agriculture-3331441510e181a3a4c8d5e5948fe526?pvs=21)",farmer-to-consumer; regenerative agriculture; food systems; direct sales; short supply chains; food waste reduction; organic produce,,,,"Headquartered in Madrid, operations across Spain and Western Europe. Regeneration, ecosocial transition. Farmer support through direct sales infrastructure and logistics; value chain development cutting out intermediaries; regional and seasonal sourcing for conscious consumers; community food access through transparent producer-consumer relationships; regenerative agriculture adoption among partnered farms. Relevant as a scaling model for connecting regenerative producers to markets and for building consumer-producer relationships in the food system.
",https://www.crowdfarming.com/en,
Ecohub,,,org,,,,,,,,,,,,,,,,,,,,https://ecohub.cat/,
Bioma,CATBIS,,org,"Added CATBIS with strong review flags: Catalunya-based and likely ecological/regenerative, but current source is only Instagram and needs confirmation.","Ops in Catalunya, catalan",regional,,,"Catalan organization/project referenced through Instagram; likely connected to ecological or regenerative activity, but details need confirmation from a richer source.",,,,,,"Eco Social Transition, Regeneration",,"Ecosystem Regeneration (https://app.notion.com/p/Ecosystem-Regeneration-3331441510e1816d83f1e6eb4734ef50?pvs=21), Network_Weaving (https://app.notion.com/p/Network_Weaving-3331441510e18111a00ac80e1492315c?pvs=21)",Catalan ecology project; regenerative activity; source check needed,,,,"Catalan ecological/regenerative project candidate currently referenced mainly through Instagram. Relevant to CATBIS if confirmed because it appears to be Catalunya-based and connected to ecological or regenerative activity, but the source is too thin for a confident classification.",https://www.instagram.com/bioma.cat/,
Microsolidarity / Microsolidarity BCN,,,,,,,,,,,,,,,,,,,,,,,https://www.microsolidarity.cc/,
Ebro Ecosystem,"CATBIS, wanna collaborate with",,network/ecosystem,"Ontology relation filled for Ebro/Terres de l’Ebre ecosystem mapping, water and watershed repair, ecological monitoring, regenerative agriculture and network weaving. Keep human/source review because this is an internal ecosystem container.","Ops in Catalunya, catalan",regional,,,"Ecosystem/container row for actors, projects, and initiatives connected to the Ebro / Terres de l’Ebre bioregional and regenerative context.",,,,,,"Bioregionalism, Eco Social Transition, Regeneration",,"Geographic_and_Ecological_Mapping (https://app.notion.com/p/Geographic_and_Ecological_Mapping-3331441510e1813bbf09e5818bc0fae6?pvs=21), Water_Management (https://app.notion.com/p/Water_Management-3331441510e181288124c49fd649d9ba?pvs=21), Watershed_Repair (https://app.notion.com/p/Watershed_Repair-3331441510e181d798ede5c0958fe944?pvs=21), Ecological_Monitoring (https://app.notion.com/p/Ecological_Monitoring-3331441510e1816ba8f8c71a168a276e?pvs=21), Regenerative_Agriculture (https://app.notion.com/p/Regenerative_Agriculture-3331441510e181a3a4c8d5e5948fe526?pvs=21), Network_Weaving (https://app.notion.com/p/Network_Weaving-3331441510e18111a00ac80e1492315c?pvs=21)",Ebro; Terres de l’Ebre; bioregionalism; watershed; delta resilience; agroecology; biodiversity; territorial regeneration,,,,"Internal ecosystem-mapping container for Ebro-related regenerative work. Relevant to CATBIS as a territorial lens for water, delta resilience, agroecology, rural livelihoods, biodiversity, climate adaptation, and bioregional regeneration around the Ebro basin / Terres de l’Ebre.",,
Metamorfosis Telegram Group,,,,,,,,,,,,,,,,,,,,,,,,
Oikocredit,CATBIS,,"funder, org","Ontology relation filled for investment vehicles, portfolio development, structuring/capitalization, farmer/agriculture finance, renewable energy and alternative finance. CATBIS relevance still needs confirmation.",international,,,,"Worldwide cooperative and social impact investor financing financial inclusion, agriculture, renewable energy, and climate resilience partners, mainly in low-income communities across Africa, Asia, Latin America, and the Caribbean.",,,,,,"Bioeconomy, Eco Social Transition, Impact Investing",,"Investment_Vehicles (https://app.notion.com/p/Investment_Vehicles-3331441510e1819da547e4c9865b3be1?pvs=21), Portfolio_Development (https://app.notion.com/p/Portfolio_Development-3331441510e181df8e8ff4170407af7e?pvs=21), Structuring_and_Capitalization (https://app.notion.com/p/Structuring_and_Capitalization-3331441510e181ca9fbeeaf2171d3045?pvs=21), Farmer_Support (https://app.notion.com/p/Farmer_Support-3331441510e18121891cff38c403492d?pvs=21), Renewable_Energy (https://app.notion.com/p/Renewable_Energy-3331441510e181f58896c3f08d1d6ee6?pvs=21), Alternative Finance (https://app.notion.com/p/Alternative-Finance-3331441510e1818f9c0defb3e55bef58?pvs=21)",impact investing; cooperative finance; financial inclusion; agriculture finance; renewable energy; climate resilience; sustainable development,,,,"International cooperative impact investor focused on financial inclusion, agriculture, renewable energy, and climate resilience. Relevant to CATBIS as a reference actor for cooperative finance, impact investing, regenerative finance patterns, agriculture finance, and climate-oriented capital, though not specifically Catalan.",https://www.oikocredit.org/,
Giveth House telegram group,,,,,,,,,,,,,,,,,,,,,,,,
lucia herdandez boundaryless,,,ind,,,,,,,,,,,,,,,,,,,,https://luciahernandez.co/,
Fundacion Aland,,,org,,,,,,,,,,,,,,,,,,,,https://fundacionaland.com/en/fundacion-aland-english/,
Naturalwalks,,,org,,,,,,,,,,,,,,,,,,"
						
						info@naturalwalks.com",,https://naturalwalks.com/en/,
Design School for Regenerating Earth,CATBIS,,org,"Added CATBIS with confirmation/source-check flags: thematically relevant, but location and Catalunya-specific relevance need confirmation.",international,regional,,,"Design School for Regenerating Earth is a learning/community platform focused on regenerative design, ecological and social transformation, and the practice of designing for Earth regeneration.",,,,,,"Bioregionalism, Regeneration",,"Learning_Programs (https://app.notion.com/p/Learning_Programs-3331441510e181f48fccd81f52b7a58f?pvs=21), Peer_Learning (https://app.notion.com/p/Peer_Learning-3331441510e1811fa2ebc276ab53a2f6?pvs=21), Storying_Place (https://app.notion.com/p/Storying_Place-3331441510e18182bf1cd178a1b9ecc1?pvs=21), Ecosystem Regeneration (https://app.notion.com/p/Ecosystem-Regeneration-3331441510e1816d83f1e6eb4734ef50?pvs=21)",regenerative design; learning community; Earth regeneration; ecological design; systems change,,,,"Regenerative design learning platform relevant to CATBIS as educational infrastructure for regenerative practice, systems change, and ecological design. Catalunya-specific relevance is unclear, so it should remain a broad reference/candidate rather than a confirmed local ecosystem actor.",https://design-school-for-regenerating-earth.mn.co/,
Political Ecology Master students,,,,Candidate review: this looks like a group/contact-category or internal note rather than a clear CRM actor. Left CATBIS empty for now; needs human decision before tagging or enrichment.,,,,,,,,,,,,,,,,,,,,
IDRA BCN,,,org,,,,,,,,,,,,,,,,,,,,https://idrabcn.com/en/,
Ada Navarro,"CATBIS, wanna collaborate with","Food, Social",ind,,"Ops in Catalunya, Ops in Spain",regional,,Agora Regenerativa (https://app.notion.com/p/Agora-Regenerativa-1621441510e1836681dc0114ab0d75c5?pvs=21),"Ada Navarro Puche is a regenerative communication and project-development practitioner linked to Ágora Regenerativa. She supports regenerative organisations, rural entrepreneurs, and food-system initiatives through strategy, communication, facilitation, and capacity-building.",,,,,https://www.linkedin.com/in/ada-navarro-puche-a653a590/,"Bioregionalism, Regeneration",Registered,"Art_and_Storytelling (https://app.notion.com/p/Art_and_Storytelling-3331441510e181ba993ecde5ccf02fac?pvs=21), Coaches_and_Leaders (https://app.notion.com/p/Coaches_and_Leaders-3331441510e181e69544c56ed7db8945?pvs=21), Farmer_Support (https://app.notion.com/p/Farmer_Support-3331441510e18121891cff38c403492d?pvs=21), Learning_Programs (https://app.notion.com/p/Learning_Programs-3331441510e181f48fccd81f52b7a58f?pvs=21), Regenerative_Agriculture (https://app.notion.com/p/Regenerative_Agriculture-3331441510e181a3a4c8d5e5948fe526?pvs=21), Venture_Cultivation (https://app.notion.com/p/Venture_Cultivation-3331441510e1810a9b93cfddfa945786?pvs=21)",regenerative communication; regenerative agriculture; food systems; permaculture; holistic management; rural entrepreneurship,,,hola@agoraregenerativa.com,"Individual practitioner and connector operating between regenerative communication, rural entrepreneurship, food systems, and organisational development. Relevant to CATBIS through Ágora Regenerativa / Regen Hub links, regenerative agriculture training, farmer and producer support, and capacity-building for regenerative enterprises in Catalunya and Spain.",https://adanavarro.com/,
Permaculture Barcelona Hub,CATBIS,,"org, space","Ontology relation filled for permaculture hub/learning center, learning programs, peer learning, regenerative agriculture, demonstrator-site potential and resource hub role. Source/status check remains.","Ops in Catalunya, catalan",regional,,,"Barcelona permaculture hub connected to 12 Principles Permaculture Design, envisioned as a permanent space for learning, courses, skill-sharing, networking, and regenerative design in an urban and social context.",,,,,,"Bioregionalism, Eco Social Transition, Regeneration",,"Cultural_Hub_or_Learning_Center (https://app.notion.com/p/Cultural_Hub_or_Learning_Center-3331441510e18163bf4ce6a952135f8c?pvs=21), Learning_Programs (https://app.notion.com/p/Learning_Programs-3331441510e181f48fccd81f52b7a58f?pvs=21), Peer_Learning (https://app.notion.com/p/Peer_Learning-3331441510e1811fa2ebc276ab53a2f6?pvs=21), Regenerative_Agriculture (https://app.notion.com/p/Regenerative_Agriculture-3331441510e181a3a4c8d5e5948fe526?pvs=21), Demonstrator_Site (https://app.notion.com/p/Demonstrator_Site-3331441510e181008114ef47089f4baa?pvs=21), Resource_Hub (https://app.notion.com/p/Resource_Hub-3331441510e181e3805ed268cb9ae292?pvs=21)",permaculture; regenerative design; urban permaculture; social permaculture; deep adaptation; regenerative education; Barcelona,,,,"Barcelona-based permaculture learning and community hub for social/urban permaculture, regenerative design, skill-sharing, and deep adaptation. Relevant to CATBIS as urban permaculture infrastructure and a practical node for regenerative education, community resilience, and social-ecological design in Catalunya.",https://12pdesign.net/permaculture-barcelona-hub/,
Agora Regenerativa,"CATBIS, wanna collaborate with","Ecosystems, Food, Social",org,,"Ops in Catalunya, Ops in Spain","Baix Camp, Mediterranean Dry Interior, Priorat, regional",,Ada Navarro (https://app.notion.com/p/Ada-Navarro-dd21441510e182d9b6760181d1934f2e?pvs=21),"Ágora Regenerativa is a training and consultancy platform for regenerative transition in rural territories. It supports rural entrepreneurs, agroecological practitioners, regenerative agriculture, livestock, forest management, and organisations working toward environmental regeneration.",,,,,https://www.linkedin.com/company/agora-regenerativa,"Bioregionalism, Regeneration",no Newsletter,"Regenerative_Agriculture (https://app.notion.com/p/Regenerative_Agriculture-3331441510e181a3a4c8d5e5948fe526?pvs=21), Farmer_Support (https://app.notion.com/p/Farmer_Support-3331441510e18121891cff38c403492d?pvs=21), Learning_Programs (https://app.notion.com/p/Learning_Programs-3331441510e181f48fccd81f52b7a58f?pvs=21), Network_Weaving (https://app.notion.com/p/Network_Weaving-3331441510e18111a00ac80e1492315c?pvs=21), Venture_Cultivation (https://app.notion.com/p/Venture_Cultivation-3331441510e1810a9b93cfddfa945786?pvs=21)",regenerative agriculture; rural transition; capacity building; bioregionalism; farmer support; regenerative entrepreneurship,,,hola@agoraregenerativa.com,"Training and consultancy platform operating in Catalunya and Spain around regenerative rural transition. Core relevance: regenerative agriculture, livestock, forest management, rural entrepreneurship, farmer/producer support, structured learning, community-building, and organisational accompaniment for environmental regeneration. Strong CATBIS fit as a capacity-building and network node for regenerative food systems and rural territorial transition.",https://www.agoraregenerativa.com/,
Associació GENS,"CATBIS, wanna collaborate with","Ecosystems, Food, Social",org,,Ops in Catalunya,"Alt Penedès, Font-Rubí, Mediterranean Dry Interior",,,"Associació GENS (Grup d'Experimentació en Naturisme i Sostenibilitat) is a rural association based in Font-Rubí (Alt Penedès, Catalonia) promoting sustainable rural initiatives to address social, economic, and environmental challenges. Its work spans four axes: training in sustainable practices and rural project management; accompaniment and specialist services for rural and agroecological initiatives; environmental projects focused on protecting and recovering natural ecosystems; and community building through collaborative networks and mutual support. Key programmes include the Regen Hub (accelerator for regenerative agri-food enterprises), Acadèmia Rústika (training for rural professionals), La Gatera (agroecological food group), Defensem el Llentiscle (environmental defence), and Can Ubach (demonstrator site).",,,,,https://www.linkedin.com/company/associaciogens/,"Bioregionalism, Eco Social Transition, Regeneration",no Newsletter,"Demonstrator_Site (https://app.notion.com/p/Demonstrator_Site-3331441510e181008114ef47089f4baa?pvs=21), Ecological_Monitoring (https://app.notion.com/p/Ecological_Monitoring-3331441510e1816ba8f8c71a168a276e?pvs=21), Farmer_Support (https://app.notion.com/p/Farmer_Support-3331441510e18121891cff38c403492d?pvs=21), Learning_Programs (https://app.notion.com/p/Learning_Programs-3331441510e181f48fccd81f52b7a58f?pvs=21), Network_Weaving (https://app.notion.com/p/Network_Weaving-3331441510e18111a00ac80e1492315c?pvs=21), Regenerative_Agriculture (https://app.notion.com/p/Regenerative_Agriculture-3331441510e181a3a4c8d5e5948fe526?pvs=21)",rural regeneration; agroecology; regenerative agriculture; low-tech; environmental education; food sovereignty; Alt Penedès,,,info@associaciogens.org,"Operations in Catalonia, Alt Penedès, Mediterranean dry interior.
Bioregionalism, regeneration, ecosocial transition. Regenerative agriculture, structured learning and rural training, farmer and producer accompaniment, network weaving, ecological monitoring and environmental stewardship.
Rural association operating at the intersection of agroecological transition, territorial resilience, and community organisation. Builds capacity in rural practitioners and emerging agri-food projects through training and direct accompaniment. Combines environmental action with social infrastructure — food sovereignty, land stewardship, and collaborative networks. Demonstrator and convener role within the Catalan regenerative and ecosocial ecosystem.",https://associaciogens.org/,
Red de Municipios por la Agroecologia,"CATBIS, wanna collaborate with",,"network/ecosystem, org","Ontology relation filled for municipal governance, policy advocacy, participatory food strategies, community food access, agroecology and network weaving.","Ops in Europe, Ops in Spain",regional,,,"Spanish network of local governments working to build sustainable, resilient, inclusive, diverse, healthy, accessible, and environmentally respectful local food systems through agroecology-based public policies.",,,,,,"Bioeconomy, Eco Social Transition, Regeneration",,"Governance_Bodies (https://app.notion.com/p/Governance_Bodies-3331441510e181688959d5e2a5457fc6?pvs=21), Political_Advocacy (https://app.notion.com/p/Political_Advocacy-3331441510e1812880fdd8d661966799?pvs=21), Participatory_Planning_and_Strategies (https://app.notion.com/p/Participatory_Planning_and_Strategies-3331441510e181b09adbd91296317ceb?pvs=21), Community_Food_Access (https://app.notion.com/p/Community_Food_Access-3331441510e1817daf1efe81df7ef31c?pvs=21), Regenerative_Agriculture (https://app.notion.com/p/Regenerative_Agriculture-3331441510e181a3a4c8d5e5948fe526?pvs=21), Network_Weaving (https://app.notion.com/p/Network_Weaving-3331441510e18111a00ac80e1492315c?pvs=21)",agroecology; municipal food policy; local food systems; public procurement; sustainable food systems; food sovereignty; urban food policy,,,info@municipiosagroeco.red,"Municipal agroecology network supporting local authorities to develop agroecological food policies, sustainable food systems, local employment, public procurement, and cross-city learning. Relevant to CATBIS as policy and municipal-infrastructure reference for agroecological transition, including potential Catalan municipal food-system work.",https://www.municipiosagroeco.red/,
Atreyu Investments,wanna collaborate with,,org,"Removed CATBIS for now: strong regenerative-investing relevance, but no concrete Catalunya link found in this review. Keep as wanna-collaborate / international reference if strategically useful.","Ops in Catalunya, Ops in Europe, Ops in Spain, international",,,,"Atreyu Investments is a regenerative impact-investment firm using investment as a means for regeneration, with a living-systems approach to planet, people, and communities.",,,,,https://www.linkedin.com/company/atreyuinvestments,"Impact Investing, Regeneration",no Newsletter,"Investment_Vehicles (https://app.notion.com/p/Investment_Vehicles-3331441510e1819da547e4c9865b3be1?pvs=21), Portfolio_Development (https://app.notion.com/p/Portfolio_Development-3331441510e181df8e8ff4170407af7e?pvs=21), Venture_Cultivation (https://app.notion.com/p/Venture_Cultivation-3331441510e1810a9b93cfddfa945786?pvs=21), Regenerative_Agriculture (https://app.notion.com/p/Regenerative_Agriculture-3331441510e181a3a4c8d5e5948fe526?pvs=21), Health_and_Social_Care (https://app.notion.com/p/Health_and_Social_Care-3331441510e181a6a96cd1c573d1a930?pvs=21), Learning_Programs (https://app.notion.com/p/Learning_Programs-3331441510e181f48fccd81f52b7a58f?pvs=21)",regenerative investment; impact investing; living systems; regenerative agriculture; ecosystem finance; venture accompaniment,,,"ebru.kaya@atreyu.global , andre@atreyu.global","Regenerative impact investor and field-building actor aligned with living-systems investing and regenerative finance. Useful as an ORSH / potential collaborator or international reference, but no concrete Catalunya operations or Catalan ecosystem link were confirmed in this batch, so it should not stay in CATBIS for the Regenerant Catalunya Map for now.",https://www.atreyu.global/,
Azolla Projects,"CATBIS, wanna collaborate with","Ecosystems, Energy, Food",org,,"Ops in Catalunya, Ops in Spain",regional,,,"Azolla Projects is a Barcelona-linked naturetech / carbon-farming startup helping farmers transition to regenerative agriculture through soil-carbon monitoring, carbon credits, and regenerative carbon-farming methodologies.",,,,,https://www.linkedin.com/company/azolla-projects,"Bioeconomy, Eco Social Transition, Regeneration",no Newsletter,"Regenerative_Agriculture (https://app.notion.com/p/Regenerative_Agriculture-3331441510e181a3a4c8d5e5948fe526?pvs=21), Farmer_Support (https://app.notion.com/p/Farmer_Support-3331441510e18121891cff38c403492d?pvs=21), Ecological_Monitoring (https://app.notion.com/p/Ecological_Monitoring-3331441510e1816ba8f8c71a168a276e?pvs=21), Result_Based_Mechanisms (https://app.notion.com/p/Result_Based_Mechanisms-3371441510e180f0a6d2dfce8ad76f4b?pvs=21), Value_Chain_Development (https://app.notion.com/p/Value_Chain_Development-3331441510e181b0bf6efa361478dbf2?pvs=21), Structuring_and_Capitalization (https://app.notion.com/p/Structuring_and_Capitalization-3331441510e181ca9fbeeaf2171d3045?pvs=21)",carbon farming; regenerative agriculture; soil carbon; natural capital; farmer transition; carbon credits; Catalunya; Aragón,+34 648 782 509,,info@azollaprojects.com,"Relevant to CATBIS as Catalonia-facing regenerative-agriculture and carbon-farming infrastructure. Its work connects farmer transition support, soil organic carbon monitoring, regenerative and agroforestry practices, biodiversity and water-cycle recovery, Mediterranean carbon-farming pilots, and natural-capital / carbon-credit mechanisms, including work across Catalonia and Aragón.",https://www.azollaprojects.com/,
Bax Innovation,CATBIS,,org,"Ontology relation filled for innovation strategy, network weaving, EU/grant programs, venture cultivation, circular/material transformation, energy transition and systems mapping.","Ops in Catalunya, Ops in Europe",regional,,,"Barcelona-headquartered innovation consultancy (offices in Utrecht, Brussels, Cambridge, and Düsseldorf) supporting changemakers across Europe to design pilots, tools, and collaborative programmes that translate bold ideas into societal impact. Works across nine topic areas — circular consumption, circular industry, digital, energy, health, materials, mobility, nature, and urban — serving 1,200+ public and private clients across 44 countries. Core offer spans three areas: running innovation pilots that test and replicate solutions at scale; building and managing EU-funded collaborations that bring together diverse stakeholder communities; and developing bespoke tools and strategies to help organisations make decisions on their biggest challenges. Also offers dedicated EU funding support, from strategy and proposal writing through to implementation and management.",,,,,https://www.linkedin.com/company/bax-innovation,"Eco Social Transition, Regeneration",Registered,"Participatory_Planning_and_Strategies (https://app.notion.com/p/Participatory_Planning_and_Strategies-3331441510e181b09adbd91296317ceb?pvs=21), Network_Weaving (https://app.notion.com/p/Network_Weaving-3331441510e18111a00ac80e1492315c?pvs=21), Grants_Programs (https://app.notion.com/p/Grants_Programs-3331441510e18166b8a7ffb8c528af98?pvs=21), Venture_Cultivation (https://app.notion.com/p/Venture_Cultivation-3331441510e1810a9b93cfddfa945786?pvs=21), Materials_Transformation (https://app.notion.com/p/Materials_Transformation-3331441510e181788e3ad7ffb8a2be05?pvs=21), Renewable_Energy (https://app.notion.com/p/Renewable_Energy-3331441510e181f58896c3f08d1d6ee6?pvs=21), Systems_and_Resource_Mapping (https://app.notion.com/p/Systems_and_Resource_Mapping-3331441510e1817db512f22616e77166?pvs=21)",innovation consulting; EU projects; circular economy; nature-based solutions; urban transition; energy transition; ecosystem building,,,barcelona@baxcompany.com,"HQ in Barcelona with pan-European operations. Ecosocial transition. Innovation consulting and pilot design, participatory planning and strategy development, EU funding structuring and management, network weaving across public bodies, companies, research organisations and civil society. Works at the intersection of technology, environment, and society, with increasing focus on nature-based and circular economy topics relevant to the ReFi and regenerative ecosystem.",https://baxcompany.com/,
Mas Les Vinyes,CATBIS,,org,Added CATBIS: clear Catalunya-based permaculture/regenerative farm relevance. No collaboration status inferred.,"Ops in Catalunya, catalan",regional,,,Regenerative / permaculture farm or project in Catalunya.,,,,,,"Bioregionalism, Eco Social Transition, Regeneration",,"Regenerative_Agriculture (https://app.notion.com/p/Regenerative_Agriculture-3331441510e181a3a4c8d5e5948fe526?pvs=21), Demonstrator_Site (https://app.notion.com/p/Demonstrator_Site-3331441510e181008114ef47089f4baa?pvs=21), Learning_Programs (https://app.notion.com/p/Learning_Programs-3331441510e181f48fccd81f52b7a58f?pvs=21), Peer_Learning (https://app.notion.com/p/Peer_Learning-3331441510e1811fa2ebc276ab53a2f6?pvs=21), Traditional_Ecological_Knowledge (https://app.notion.com/p/Traditional_Ecological_Knowledge-3331441510e181259b3ad2370358bb34?pvs=21)",permaculture; regenerative agriculture; demonstrator site; ecological education; rural transition; Catalunya,,,,"Catalan regenerative/permaculture farm and learning project. Relevant to CATBIS as a Catalunya-based practical node for permaculture, regenerative agriculture, demonstrator-site learning, rural transition, and ecological education.",https://www.maslesvinyes.com/,
AKASHA Hub,,,org,Moved from Research & Reading List DB. Original tag: Tech & Web3.,,,,,Tech / Web3 organization or hub.,,,,,,,,,,,,,,,
Akasha Foundation,,,org,Moved from Research & Reading List DB. Original tag: Tech & Web3.,,,,,Tech / Web3 organization or foundation.,,,,,,,,,,,,,,,
Generalitat de Catalunya,,,public body,Moved from Research & Reading List DB.,,,,,Government of Catalunya.,,,,,,,,,,,,,,,
Àrea Metropolitana de Barcelona,,,public body,Moved from Research & Reading List DB.,,,,,Metropolitan public institution for the Barcelona area.,,,,,,,,,,,,,,,
Diputació de Barcelona,,,public body,Moved from Research & Reading List DB.,,,,,Barcelona provincial public institution.,,,,,,,,,,,,,,,
Ajuntament de Barcelona,,,public body,"Added CATBIS: clear Barcelona public-institution relevance, but specific departments/programmes should be linked separately when known. No collaboration status inferred.","Ops in Catalunya, catalan",regional,,,Barcelona city public institution.,,,,,,"Eco Social Transition, Regeneration",,"Governance_Bodies (https://app.notion.com/p/Governance_Bodies-3331441510e181688959d5e2a5457fc6?pvs=21), Political_Advocacy (https://app.notion.com/p/Political_Advocacy-3331441510e1812880fdd8d661966799?pvs=21), Participatory_Planning_and_Strategies (https://app.notion.com/p/Participatory_Planning_and_Strategies-3331441510e181b09adbd91296317ceb?pvs=21), Systems_and_Resource_Mapping (https://app.notion.com/p/Systems_and_Resource_Mapping-3331441510e1817db512f22616e77166?pvs=21)",municipal governance; Barcelona; urban ecology; climate adaptation; public policy; ecosocial transition,,,,"Barcelona city public institution. Relevant to CATBIS as core municipal governance infrastructure for urban ecology, climate adaptation, mobility, housing, local economy, social policy, and public programmes shaping ecosocial transition in Barcelona.",,
MICELI - Serveis Regeneratius per les ruralitats,CATBIS,,org,Added CATBIS: clear Catalan rural-regeneration relevance. Possible duplicate with Miceli Social; consolidate later if safe.,"Ops in Catalunya, catalan",regional,,,Regenerative services organization for rural territories.,,,,,,"Bioeconomy, Eco Social Transition, Regeneration",,"Network_Weaving (https://app.notion.com/p/Network_Weaving-3331441510e18111a00ac80e1492315c?pvs=21), Participatory_Planning_and_Strategies (https://app.notion.com/p/Participatory_Planning_and_Strategies-3331441510e181b09adbd91296317ceb?pvs=21), Governance_Bodies (https://app.notion.com/p/Governance_Bodies-3331441510e181688959d5e2a5457fc6?pvs=21), Regenerative_Agriculture (https://app.notion.com/p/Regenerative_Agriculture-3331441510e181a3a4c8d5e5948fe526?pvs=21), Ecological_Monitoring (https://app.notion.com/p/Ecological_Monitoring-3331441510e1816ba8f8c71a168a276e?pvs=21)",rural regeneration; regenerative services; social economy; rural territories; Catalonia; cooperative platform,,,,"Catalan regenerative-services cooperative/platform for rural territories. Relevant to CATBIS as rural-regeneration infrastructure for social-economy services, territorial resilience, agroecological/rural development, governance, and ecosocial transition in Catalunya.",https://miceli.social/,
Grup Cooperatiu Ecos,,,"network/ecosystem, org",Moved from Research & Reading List DB.,,,,,Cooperative group in the Catalan social economy ecosystem.,,,,,,,,,,,,,,https://grupecos.coop/,
Pamapam,,,network/ecosystem,Moved from Research & Reading List DB.,,,,,Social and solidarity economy map / ecosystem platform in Catalunya.,,,,,,,,,,,,,,https://pamapam.org/,
Nexe,,,org,Moved from Research & Reading List DB. Original tags: Cooperative; Media & Communications.,,,,,Cooperative media and communications organization.,,,,,,,,,,,,,,https://nexe.coop/,
Jamgo,,,org,Moved from Research & Reading List DB.,,,,,"Cooperative organization, likely technology / digital services.",,,,,,,,,,,,,,https://jamgo.coop/,
Impuls Cooperatiu de Sants,,,network/ecosystem,Moved from Research & Reading List DB.,,,,,Cooperative / social economy ecosystem initiative in Sants.,,,,,,,,,,,,,,https://sants.coop/,
Coòpolis — Ateneu Cooperatiu de Barcelona,CATBIS,"Energy, Social",network/ecosystem,,"Ops in Catalunya, catalan",Barcelonès,,,"Coòpolis — Ateneu Cooperatiu de Barcelona is Barcelona’s cooperative-development and social-and-solidarity-economy support infrastructure, based at Bloc4 and offering training, accompaniment, observatory work, and ecosocial-transition programming.",,,,,,Eco Social Transition,,"Collective_Ownership_Models (https://app.notion.com/p/Collective_Ownership_Models-3331441510e1811db7b2e4505cc30563?pvs=21), Commons_Governance_Protocols (https://app.notion.com/p/Commons_Governance_Protocols-3331441510e181019702eb428e0a8448?pvs=21), Network_Weaving (https://app.notion.com/p/Network_Weaving-3331441510e18111a00ac80e1492315c?pvs=21), Participatory_Planning_and_Strategies (https://app.notion.com/p/Participatory_Planning_and_Strategies-3331441510e181b09adbd91296317ceb?pvs=21), Cultural_Hub_or_Learning_Center (https://app.notion.com/p/Cultural_Hub_or_Learning_Center-3331441510e18163bf4ce6a952135f8c?pvs=21)",cooperative ecosystem; social and solidarity economy; ecosocial transition; cooperative support; Barcelona,,,coopolis@bcn.coop,"Barcelona cooperative ecosystem infrastructure supporting creation, consolidation, training, education, observatory work, and sectoral circles for the social and solidarity economy. Relevant to CATBIS as a strong urban node for cooperative development, ecosocial transition, energy transition through its Cercle de Transició Ecosocial, feminist economies, anti-racist/migration work, and local economic resilience.",https://www.bcn.coop/transicio-ecosocial/,
CatalanDAO,,,org,Moved from Research & Reading List DB.,,,,,Catalan DAO / Web3 organization or community.,,,,,,,,,,,,,,https://catalandao.cat/,
Comunitàries BCN,CATBIS,,network/ecosystem,"Added CATBIS with strong review flags: likely Barcelona community/commons relevance, but current source is thin and needs confirmation.","Ops in Catalunya, catalan",regional,,,"Barcelona community / commons-oriented initiative, inferred from Twitter handle.",,,,,,Eco Social Transition,,"Commons_Governance_Protocols (https://app.notion.com/p/Commons_Governance_Protocols-3331441510e181019702eb428e0a8448?pvs=21), Network_Weaving (https://app.notion.com/p/Network_Weaving-3331441510e18111a00ac80e1492315c?pvs=21), Participatory_Planning_and_Strategies (https://app.notion.com/p/Participatory_Planning_and_Strategies-3331441510e181b09adbd91296317ceb?pvs=21)",community commons; Barcelona; neighbourhood organizing; source check needed,,,,"Barcelona community / commons-oriented initiative inferred from available source. Relevant to CATBIS if confirmed as a neighbourhood/community commons actor, but current evidence is thin and based mainly on a social-media source.",https://twitter.com/ComunitariesBCN,
Ciutat Invisible,,,org,Moved from Research & Reading List DB.,,,,,Cooperative / social economy organization in Barcelona.,,,,,,,,,,,,,,,
La Comunal,,,"network/ecosystem, space",Moved from Research & Reading List DB.,,,,,Cooperative space / ecosystem in Barcelona.,,,,,,,,,,,,,,https://lacomunal.coop/,
Economia Social,,,network/ecosystem,Moved from Research & Reading List DB.,,,,,Social economy platform / ecosystem resource.,,,,,,,,,,,,,,https://economiasocial.coop/,
Xarxa d’Economia Solidària (XES),,,network/ecosystem,Moved from Research & Reading List DB.,,,,,Catalan social and solidarity economy network.,,,,,,,,,,,,,,https://xes.cat/,
Fundació,,,org,Moved from Research & Reading List DB. Name may need clarification.,,,,,Organization / foundation connected to the Catalan social economy ecosystem.,,,,,,,,,,,,,,https://fesc.xes.cat/,
Giveth,,,"funder, org",Moved from Research & Reading List DB. Original tag: Tech & Web3.,,,,,Web3 / ReFi donation and funding platform.,,,,,,,,,,,,,,,
Vocdoni,,,org,Moved from Research & Reading List DB. Original tag: Tech & Web3.,,,,,Tech / Web3 organization or project.,,,,,,,,,,,,,,,
Arç Cooperativa,,,org,Moved from Research & Reading List DB.,,,,,"Cooperative organization, likely linked to insurance / social economy services.",,,,,,,,,,,,,,https://arc.coop/,
Aragon,,,org,Moved from Research & Reading List DB. Original tag: Tech & Web3.,,,,,Tech / Web3 organization or project.,,,,,,,,,,,,,,,
Quesoni,,,org,Moved from Research & Reading List DB.,,,,,Cooperative / organization in the Catalan social economy ecosystem.,,,,,,,,,,,,,,https://quesoni.cat/,
Cooperatives de Treball,,,network/ecosystem,Moved from Research & Reading List DB.,,,,,Federation / network of worker cooperatives.,,,,,,,,,,,,,,https://www.cooperativestreball.coop/,
"Departament d'Acció Climàtica, Alimentació i Agenda Rural",CATBIS,,public body,Added CATBIS: clear Catalan climate/food/rural public-policy relevance. No collaboration status inferred.,"Ops in Catalunya, catalan",regional,,,"Catalan public body for climate action, food and rural agenda.",,,,,,"Bioeconomy, Eco Social Transition, Regeneration",,"Governance_Bodies (https://app.notion.com/p/Governance_Bodies-3331441510e181688959d5e2a5457fc6?pvs=21), Political_Advocacy (https://app.notion.com/p/Political_Advocacy-3331441510e1812880fdd8d661966799?pvs=21), Regenerative_Agriculture (https://app.notion.com/p/Regenerative_Agriculture-3331441510e181a3a4c8d5e5948fe526?pvs=21), Farmer_Support (https://app.notion.com/p/Farmer_Support-3331441510e18121891cff38c403492d?pvs=21), Water_Management (https://app.notion.com/p/Water_Management-3331441510e181288124c49fd649d9ba?pvs=21)",climate action; food policy; rural agenda; environmental governance; public administration; Catalunya,,,,"Catalan public body for climate action, food policy, and rural agenda. Relevant to CATBIS as institutional infrastructure for climate transition, food-system policy, rural development, biodiversity/environmental governance, and public programmes across Catalunya.",https://mediambient.gencat.cat/ca/05_ambits_dactuacio/,
Coop 57,,,"funder, org",Moved from Research & Reading List DB. Original tags: Cooperative; Financial Services.,,,,,Cooperative financial services organization / ethical finance funder.,,,,,,,,,,,,,,https://coop57.coop/ca,
Xarxa de Ciutats i Pobles cap a la Sostenibilitat,,,"network/ecosystem, public body",Moved from Research & Reading List DB.,,,,,Network of cities and towns for sustainability in the Barcelona province context.,,,,,,,,,,,,,,https://www.diba.cat/xarxasost/xarxa,
Sostenible,,,org,Moved from Research & Reading List DB. Original tag: Media & Communications.,,,,,Media and communications platform on sustainability.,,,,,,,,,,,,,,https://www.sostenible.cat/,
Gicoop,,,org,Moved from Research & Reading List DB. Original tags: Cooperative; Financial Services.,,,,,Cooperative financial services organization.,,,,,,,,,,,,,,http://gicoop.coop/,
Coop Fund,,,funder,Moved from Research & Reading List DB. Original tag: Inspiration.,,,,,Cooperative-oriented funding initiative / inspiration source.,,,,,,,,,,,,,,https://www.coopfund.info/,
"Àrea d'Ecologia, Urbanisme i Mobilitat",CATBIS,"Circular, Ecosystems, Energy, Social, Water",public body,,"Ops in Catalunya, catalan",Barcelonès,,,"Barcelona City Council’s Urbanism, Climate Action, Mobility, Neighbourhood Plan and Urban Services area is responsible for city-scale urban ecology, climate, mobility, public space, water, and urban-service policy.",,,,,,"Eco Social Transition, Regeneration",,"Governance_Bodies (https://app.notion.com/p/Governance_Bodies-3331441510e181688959d5e2a5457fc6?pvs=21), Political_Advocacy (https://app.notion.com/p/Political_Advocacy-3331441510e1812880fdd8d661966799?pvs=21), Transportation_Transitions (https://app.notion.com/p/Transportation_Transitions-3331441510e181cea709cbf900ab3d9f?pvs=21), Participatory_Planning_and_Strategies (https://app.notion.com/p/Participatory_Planning_and_Strategies-3331441510e181b09adbd91296317ceb?pvs=21), Systems_and_Resource_Mapping (https://app.notion.com/p/Systems_and_Resource_Mapping-3331441510e1817db512f22616e77166?pvs=21)",urban ecology; sustainable mobility; urbanism; public administration; climate adaptation; Barcelona,,,,"Barcelona municipal public-policy actor. Relevant to CATBIS as institutional infrastructure for urban ecology, climate action, sustainable mobility, public-space transformation, water/sequera policy, urban services, and ecosocial transition in Barcelona. Area2 set to Barcelonès because the operational scope is Barcelona city.",https://ajuntament.barcelona.cat/ecologiaurbana/ca,
Fundació Emprius,,,org,Moved from Research & Reading List DB. Original relevance: High.,,,,,Foundation / organization connected to commons and land stewardship.,,,,,,,,,,,,,,https://emprius.cat/,
Escola de Transiciones Telegram Group,,,,,,,,,,,,,,,,,,,,,,,,
Regen Coordination,,,org,,,,,,,,,,,,,,,,,,,,https://www.regencoordination.xyz/?v=1b22e7251f2f800594c2000c9bb5a316,
Colectic,CATBIS,,org,Added CATBIS: clear Catalan cooperative / community technology relevance. No collaboration status inferred.,"Ops in Catalunya, catalan",regional,,,"Barcelona nonprofit technology cooperative working for social transformation through participation, learning, community action, and the socialization of ICT.",,,,,,Eco Social Transition,,"Learning_Programs (https://app.notion.com/p/Learning_Programs-3331441510e181f48fccd81f52b7a58f?pvs=21), Network_Weaving (https://app.notion.com/p/Network_Weaving-3331441510e18111a00ac80e1492315c?pvs=21), Participatory_Planning_and_Strategies (https://app.notion.com/p/Participatory_Planning_and_Strategies-3331441510e181b09adbd91296317ceb?pvs=21), Cultural_Hub_or_Learning_Center (https://app.notion.com/p/Cultural_Hub_or_Learning_Center-3331441510e18163bf4ce6a952135f8c?pvs=21), Commons_Governance_Protocols (https://app.notion.com/p/Commons_Governance_Protocols-3331441510e181019702eb428e0a8448?pvs=21)",social technology; digital inclusion; cooperative; community action,,,hola@colectic.coop,"Barcelona nonprofit technology cooperative working for social transformation through participation, learning, community action, and socialization of ICT. Relevant to CATBIS as Catalan social-technology infrastructure for digital inclusion, community empowerment, cooperative practice, and ecosocial transition.",https://colectic.coop/,
Holon,,,,,,,,,,,,,,,,,,,,,,,https://holon.cat/es/,
Maria,,,ind,,,,,,,,,,,,,,,,,,,,,
ReFi DAO,bioreg,,org,,,,,,,,,,,,,,,,,,,,https://www.refidao.com/,
Raons Coop,,,org,,,,,,,,,,,,,,,,,,info@raons.coop,,https://raons.coop/,
CEL COOP,CATBIS,,"network/ecosystem, org",Ontology relation filled for cooperative renewable-energy/community-energy infrastructure. Source still needs confirmation.,"Ops in Catalunya, catalan",regional,,,Quality label / cooperative initiative promoted through the Catalan social and solidarity economy to support local cooperative energy communities.,,,,,,Eco Social Transition,,"Renewable_Energy (https://app.notion.com/p/Renewable_Energy-3331441510e181f58896c3f08d1d6ee6?pvs=21), Collective_Ownership_Models (https://app.notion.com/p/Collective_Ownership_Models-3331441510e1811db7b2e4505cc30563?pvs=21), Commons_Governance_Protocols (https://app.notion.com/p/Commons_Governance_Protocols-3331441510e181019702eb428e0a8448?pvs=21), Network_Weaving (https://app.notion.com/p/Network_Weaving-3331441510e18111a00ac80e1492315c?pvs=21), Participatory_Planning_and_Strategies (https://app.notion.com/p/Participatory_Planning_and_Strategies-3331441510e181b09adbd91296317ceb?pvs=21)",local energy communities; cooperative energy; energy transition; social and solidarity economy; renewable energy,,,,"Catalan cooperative energy-community quality label / initiative. Relevant to CATBIS as support infrastructure for local cooperative energy communities, democratic energy transition, and social-and-solidarity-economy energy models.",https://xes.cat/2024/02/14/neix-cel-coop-el-segell-de-qualitat-per-impulsar-les-comunitats-denergia-local-cooperatives/,
Domingo Club,,,org,,,,,,,,,,,,,,,,,,,,https://domingoclub.com/projects/domingo-fermenter-lab,
ReFi Events telegram group,,,,,,,,,,,,,,,,,,,,,,,https://t.me/+JF35ft_jlE82NDFi,
"Jahed ",,,ind,,,,,,,,,,,,,,,,,,,,,
Asamblea Ciudadana para el Clima,,,"org, public body","Removed from CATBIS. If we want this in RCSH, create/use a Catalunya-specific or Barcelona-specific climate assembly row instead.",Ops in Spain,,,,"Spanish citizen assembly process for climate policy and democratic public participation, producing recommendations for a safer and fairer response to climate change.",,,,,,Eco Social Transition,,"Participatory_Planning_and_Strategies (https://app.notion.com/p/Participatory_Planning_and_Strategies-3331441510e181b09adbd91296317ceb?pvs=21), Decision_Making_Processes (https://app.notion.com/p/Decision_Making_Processes-3331441510e18123adbccc5983c9018e?pvs=21), Political_Advocacy (https://app.notion.com/p/Political_Advocacy-3331441510e1812880fdd8d661966799?pvs=21), Governance_Bodies (https://app.notion.com/p/Governance_Bodies-3331441510e181688959d5e2a5457fc6?pvs=21)",citizen assembly; climate policy; public participation; deliberative democracy; climate justice; Spain,,,,"Useful governance reference for climate deliberation in Spain, but not a CATBIS/RCSH actor unless specifically referring to the Catalunya or Barcelona climate assemblies. Removed from CATBIS because this row represents the Spain-wide process, not a concrete Catalunya actor.",https://asambleaciudadanadelcambioclimatico.es/,
GroundInn,,,org,,,,,,,,,,,,,,,,,,fernanda@groundinn.world,,https://www.instagram.com/groundinn,
Del Peix al Plat,CATBIS,,org,"Ontology relation filled for visitor/fishing-tourism experiences, marine education, community food access, ecological awareness/monitoring and responsible seafood value chains.","Ops in Catalunya, catalan",regional,,,"Barcelona social enterprise for fishing tourism, marine education, scientific outreach, and responsible local fish consumption, connecting citizens with the Barcelona Fishermen’s Guild and Mediterranean marine biodiversity.",,,,,,"Bioeconomy, Eco Social Transition, Regeneration",,"Visitor_Experiences (https://app.notion.com/p/Visitor_Experiences-3331441510e18183bed0e44473df1b34?pvs=21), Learning_Programs (https://app.notion.com/p/Learning_Programs-3331441510e181f48fccd81f52b7a58f?pvs=21), Community_Food_Access (https://app.notion.com/p/Community_Food_Access-3331441510e1817daf1efe81df7ef31c?pvs=21), Ecological_Monitoring (https://app.notion.com/p/Ecological_Monitoring-3331441510e1816ba8f8c71a168a276e?pvs=21), Value_Chain_Development (https://app.notion.com/p/Value_Chain_Development-3331441510e181b0bf6efa361478dbf2?pvs=21)",sustainable fisheries; marine education; responsible consumption; blue bioeconomy; biodiversity; fishing tourism; Barcelona,,,hello@delpeixalplat.com,"Barcelona marine education and responsible seafood initiative connecting citizens with the Fishermen’s Guild, Mediterranean biodiversity, sustainable fisheries, and responsible local fish consumption. Relevant to CATBIS as blue bioeconomy / food-system education and marine-territorial awareness infrastructure.",https://delpeixalplat.com/,
Smart Citizen,,,org,,,,,,,,,,,,,,,,,,,,https://smartcitizen.me/,
Aigua es Vida,CATBIS,"Social, Water",org,,"Ops in Catalunya, catalan",regional,,,"Aigua és Vida is a Catalan platform of organisations defending water as a human right and common good. It works for public, democratic water policy and water-cycle management in Catalunya with active citizen participation.",,,,,,"Eco Social Transition, Regeneration",,"Water_Management (https://app.notion.com/p/Water_Management-3331441510e181288124c49fd649d9ba?pvs=21), Commons_Governance_Protocols (https://app.notion.com/p/Commons_Governance_Protocols-3331441510e181019702eb428e0a8448?pvs=21), Political_Advocacy (https://app.notion.com/p/Political_Advocacy-3331441510e1812880fdd8d661966799?pvs=21), Watershed_Repair (https://app.notion.com/p/Watershed_Repair-3331441510e181d798ede5c0958fe944?pvs=21), Territorial_Monitoring (https://app.notion.com/p/Territorial_Monitoring-3331441510e18195ab40fce1a0e38106?pvs=21)",water commons; public water management; democratic governance; climate justice; ecosystem protection; Catalunya,,,https://www.aiguaesvida.org/qui-som/contacte/,"Catalan water-commons and public-governance platform. Relevant to CATBIS as civic and political infrastructure for democratic water management, remunicipalisation, citizen participation, water justice, climate-aware policy, and territorial resilience across Catalunya.",https://www.aiguaesvida.org/,
Decode,,,,,,,,,,,,,,,,,,,,,,,https://ajuntament.barcelona.cat/digital/en/technology-accessible-everyone/accessible-and-participatory/decode,
Regen Foundation,bioreg,,org,,,,,,,,,,,,,,,,,,,,https://regen.foundation/,
Mas Les Vinyes,,,org,,,,,,,,,,,,,,,,,,maslesvinyes@gmail.com,,https://www.maslesvinyes.com/,
Resilience.Earth,,,org,,,,,,,,,,,,,,,,,,,,https://resilience.earth/,
Opcions,,,org,,,,,,,,,,,,,,,,,,opcions@opcions.coop,,https://opcions.org/es/,
Foodcoop BCN,,,org,,,,,,,,,,,,,,,,,,hola@foodcoopbcn.cat,,https://foodcoopbcn.cat/,
SomComunitats,,,org,,,,,,,,,,,,,,,,,,,,https://somcomunitats.coop/es/,
Bascule Coop,,,org,"Bascule Coop works from systems thinking, ecofeminism, decolonisation, care, and support for frontline changemakers. Possible ORSH partner / service-provider relevance, but left 2NDTAG unfilled pending confirmation.","Ops in Europe, international",,,,"Nonprofit radical consultancy supporting social actors and socio-environmental transformation initiatives with strategy, operations, skills, contacts, and services.",,,,,,"Eco Social Transition, Regeneration",,,,,,contact@basculecoop.org,,https://basculecoop.org/,
Assemblea Catalana per la Transició Ecosocial,,,"network/ecosystem, org",Likely duplicate of ACTE / Asamblea Catalana por la Transicion social already curated in RCSH; removed CATBIS from this duplicate row pending manual merge/consolidation.,"Ops in Catalunya, catalan",regional,,,"Catalan front of movements, collectives, organizations, and people pushing for a just, democratic, ecofeminist ecosocial transition in Catalunya.",,,,,,"Eco Social Transition, Regeneration",,"Governance_Bodies (https://app.notion.com/p/Governance_Bodies-3331441510e181688959d5e2a5457fc6?pvs=21), Network_Weaving (https://app.notion.com/p/Network_Weaving-3331441510e18111a00ac80e1492315c?pvs=21), Participatory_Planning_and_Strategies (https://app.notion.com/p/Participatory_Planning_and_Strategies-3331441510e181b09adbd91296317ceb?pvs=21), Political_Advocacy (https://app.notion.com/p/Political_Advocacy-3331441510e1812880fdd8d661966799?pvs=21)",ecosocial transition; climate justice; food sovereignty; ecofeminism; movement building; Catalunya,,,info@assembleaecosocial.cat,"Catalan ecosocial transition front that coordinates movements, collectives and organizations around just, democratic, ecofeminist transition. Relevant to CATBIS as a broad movement and policy node for food sovereignty, climate justice, social ecology, and territorial transition in Catalunya.",https://assembleaecosocial.cat/,
Chapter 2,CATBIS,,org,"Added CATBIS with confirmation flag: Catalan social-economy/inclusion relevance, but regenerative/CATBIS fit should be checked.","Ops in Catalunya, Ops in Europe, catalan",regional,,,"Catalan social-economy organization using entrepreneurship, innovation, and lean methodologies as tools for social and labour inclusion, including work with migrants and meaningful occupation.",,,,,,Eco Social Transition,,"Training_and_Employment_Pathways (https://app.notion.com/p/Training_and_Employment_Pathways-3331441510e18155ae10dfa50a790bc1?pvs=21), Venture_Cultivation (https://app.notion.com/p/Venture_Cultivation-3331441510e1810a9b93cfddfa945786?pvs=21), Health_and_Social_Care (https://app.notion.com/p/Health_and_Social_Care-3331441510e181a6a96cd1c573d1a930?pvs=21), Learning_Programs (https://app.notion.com/p/Learning_Programs-3331441510e181f48fccd81f52b7a58f?pvs=21)",social inclusion; labour inclusion; social economy; entrepreneurship; migrants; Catalunya,,,info@chapter2.cat,"Catalan social-economy organization using entrepreneurship, innovation, and lean methodologies for social and labour inclusion, including work with migrants and meaningful occupation. Relevant to CATBIS as ecosocial-transition infrastructure for inclusive entrepreneurship, social innovation, and community/labour resilience in Catalunya.",https://chapter2.cat/,
"ReFi Barcelona ",,,org,,,,,,,,,,,,,,,,,,,,https://refibcn.cat/,
GreenMap,,,org,,,,,,,,,,,,,,,,,,,,https://www.greenmap.org/,
SomEnergia,,,org,,,,,,,,,,,,,,,,,,,,https://www.somenergia.coop/es/,
Regen Network,bioreg,,org,,,,,,,,,,,,,,,,,,,,https://www.registry.regen.network/,
Gicoop,,,org,,,,,,,,,,,,,,,,,,,,http://gicoop.coop/,
(Fondacion) Coop 57,,,"funder, org",,,,,,"Coop57 is an ethical-finance cooperative that provides loans to social & solidarity economy initiatives. It operates through territorial sections, promotes intercooperation among member entities, and collaborates with the wider ethical-finance movement to build fair, community-rooted finance.",,,,,,,,"Alternative Finance (https://app.notion.com/p/Alternative-Finance-3331441510e1818f9c0defb3e55bef58?pvs=21), Systemic Finance (https://app.notion.com/p/Systemic-Finance-3331441510e181f8b907c26c1bc7f8f6?pvs=21), Investment_Vehicles (https://app.notion.com/p/Investment_Vehicles-3331441510e1819da547e4c9865b3be1?pvs=21), Grants_Programs (https://app.notion.com/p/Grants_Programs-3331441510e18166b8a7ffb8c528af98?pvs=21), Network_Weaving (https://app.notion.com/p/Network_Weaving-3331441510e18111a00ac80e1492315c?pvs=21)",,,,,,https://www.coop57.coop/,
Sostre Civic,,,org,,,,,,,,,,,,,,,,,,difusio@sostrecivic.cat,,https://sostrecivic.coop/,
Aethnic,,,org,,,,,,"Website content wasn’t accessible from here, so this entry still needs a quick review. Based on the public email/domain, Aethnic appears to be an organization with its own programs/services; please confirm focus area and I’ll refine. For now: mark as “not yet profiled” in CRM.",,,,,,,,"Knowledge_Artefacts (https://app.notion.com/p/Knowledge_Artefacts-3331441510e181af8b5ac77d9bd2ab97?pvs=21), Network_Weaving (https://app.notion.com/p/Network_Weaving-3331441510e18111a00ac80e1492315c?pvs=21), Participatory_Planning_and_Strategies (https://app.notion.com/p/Participatory_Planning_and_Strategies-3331441510e181b09adbd91296317ceb?pvs=21)",,,,info@aethnic.org,,https://www.aethnic.org/,
Alvelal,bioreg,"Ecosystems, Food, Social","network/ecosystem, org","Removed from CATBIS for now: strong Iberian regenerative reference, but no concrete Catalunya entanglement found in this review.",Ops in Spain,,,,"AlVelAl is a southeast Spain landscape-restoration and regenerative-agriculture association working across the Altiplano / Andalucía-Murcia territory on regenerative farming, biodiversity, water retention, rural community strengthening, and restorative enterprise.",,,,,,"Bioregionalism, Eco Social Transition, Regeneration",,"Regenerative_Agriculture (https://app.notion.com/p/Regenerative_Agriculture-3331441510e181a3a4c8d5e5948fe526?pvs=21), 4_Returns (https://app.notion.com/p/4_Returns-3331441510e1817a9381d248d51cb32d?pvs=21), Farmer_Support (https://app.notion.com/p/Farmer_Support-3331441510e18121891cff38c403492d?pvs=21), Habitat_Connectivity (https://app.notion.com/p/Habitat_Connectivity-3331441510e18102979cd784e7b26d42?pvs=21)",landscape restoration; regenerative agriculture; 4 Returns; farmer support; habitat connectivity; restorative entrepreneurship; Iberia,,,,"Strong Iberian bioregional / regenerative landscape reference, but not a CATBIS/RCSH actor unless a concrete Catalunya link is later identified. Keep as bioreg reference rather than CATBIS: useful for learning from 4 Returns-style landscape restoration, regenerative agriculture, farmer transition, biodiversity restoration, water retention, and restorative enterprise outside Catalunya.",https://alvelal.es/quienes-somos/,
Dark Matter Labs,"CATBIS, bioreg",,org,"Added CATBIS with confirmation flag: strong bioregional/systemic-transition relevance, but Catalunya-specific relevance is indirect.","Ops in Europe, international",,,,"Strategic design and research lab working on institutional innovation, civic infrastructure, land, housing, climate transition, and new governance models for systemic change.",,,,,,"Bioregionalism, Eco Social Transition, Regeneration",,"Governance_Design (https://app.notion.com/p/Governance_Design-3331441510e1813bb87bd224403e0a56?pvs=21), Participatory_Planning_and_Strategies (https://app.notion.com/p/Participatory_Planning_and_Strategies-3331441510e181b09adbd91296317ceb?pvs=21), Systems_and_Resource_Mapping (https://app.notion.com/p/Systems_and_Resource_Mapping-3331441510e1817db512f22616e77166?pvs=21), Collective_Ownership_Models (https://app.notion.com/p/Collective_Ownership_Models-3331441510e1811db7b2e4505cc30563?pvs=21), Community_Housing (https://app.notion.com/p/Community_Housing-3331441510e181cb8a1bc39f7c948f3b?pvs=21), Political_Advocacy (https://app.notion.com/p/Political_Advocacy-3331441510e1812880fdd8d661966799?pvs=21)",institutional innovation; civic infrastructure; land governance; climate transition; bioregionalism,,,,"Strategic design and research lab working on institutional innovation, civic infrastructure, land, housing, climate transition, governance models, and systemic change. Relevant to CATBIS as an international/European reference actor for bioregional governance, civic infrastructure, land and housing transition, and new institutional models for regeneration.",https://darkmatterlabs.org/,
Animal Latitude,,,org,,,,,,"Association focused on environmental education, nature observation, community-based ecosocial transformation, consulting, research, and projects that build respectful and sustainable relationships with the natural world.",,,,,,,,,,,,info@animallatitude.org,,https://www.animallatitude.org/,
Justicia Alimentaria,,,org,,,,,,,,,,,,,,,,,,info@justiciaalimentaria.org,,https://justiciaalimentaria.org/,
Impact Hub Barcelona,,,org,,,,,,,,,,,,,,,,,,https://barcelona.impacthub.net/en/contact/,,https://barcelona.impacthub.net/en/,
Ashoka,,,"funder, network/ecosystem, org","Existing body context: Ashoka Spain; possible interest in ALE learning platform for ReFi BCN courses; AI for Better may also be relevant. Potential ORSH tag wanna collaborate with if ReFi BCN wants to explore pitching courses / AI-for-impact collaborations, but not added without confirmation.","Ops in Spain, international",,,,"Global network and foundation supporting social entrepreneurs and changemakers, with a Spain presence and initiatives around education, social innovation, and AI for social impact.",,,,,,Eco Social Transition,,,,,,,,https://www.ashoka.org/,
EthicHub,,,org,,,,,,,,,,,,,,,,,,,,https://www.ethichub.com/en,
Miceli,,,org,,,,,,,,,,,,,,,,,,"info@miceli.social

",,https://miceli.social/,
BCNUEJ — Barcelona Lab for Urban Environmental Justice and Sustainability,CATBIS,,org,"Ontology relation filled for scientific process, ecological/territorial monitoring, social/network mapping, systems mapping, socioeconomic indicators and policy advocacy.","Ops in Catalunya, catalan",regional,,,"Barcelona-based research lab at ICTA-UAB focused on urban environmental justice, climate justice, sustainability, housing rights, and healthy just cities.",,,,,,Eco Social Transition,,"Formal_Scientific_Process (https://app.notion.com/p/Formal_Scientific_Process-3331441510e181298bb3ee02c9dad9da?pvs=21), Ecological_Monitoring (https://app.notion.com/p/Ecological_Monitoring-3331441510e1816ba8f8c71a168a276e?pvs=21), Social_or_Network_Mapping (https://app.notion.com/p/Social_or_Network_Mapping-3331441510e181b391e4fa86ad032bfa?pvs=21), Systems_and_Resource_Mapping (https://app.notion.com/p/Systems_and_Resource_Mapping-3331441510e1817db512f22616e77166?pvs=21), Socioeconomic_Indicators (https://app.notion.com/p/Socioeconomic_Indicators-3331441510e18157a612f3f5a0403f09?pvs=21), Political_Advocacy (https://app.notion.com/p/Political_Advocacy-3331441510e1812880fdd8d661966799?pvs=21)",urban environmental justice; climate justice; sustainability research; housing rights; participatory research; critical mapping,,,ana.canizares@uab.cat,"Barcelona research lab producing knowledge and methods on urban environmental justice, climate justice, housing rights, sustainability, and healthy just cities. Relevant to CATBIS as a research and mapping node for urban ecological transition, justice, vulnerability, and community-centered environmental governance.",https://www.bcnuej.org/,
Lorenzo,,,ind,,,,,,,,,,,,,,,,,,,,,
Comunalitat de Sants,CATBIS,,"network/ecosystem, org","Ontology relation filled for urban commons, community governance, network weaving, participatory planning and community infrastructure.","Ops in Catalunya, catalan",regional,,,"Sants neighbourhood communal-economy initiative strengthening mutual support networks, local social transformation, commons, and rooted economic projects in Sants, Hostafrancs, and La Bordeta.",,,,,,Eco Social Transition,,"Commons_Governance_Protocols (https://app.notion.com/p/Commons_Governance_Protocols-3331441510e181019702eb428e0a8448?pvs=21), Governance_Bodies (https://app.notion.com/p/Governance_Bodies-3331441510e181688959d5e2a5457fc6?pvs=21), Network_Weaving (https://app.notion.com/p/Network_Weaving-3331441510e18111a00ac80e1492315c?pvs=21), Participatory_Planning_and_Strategies (https://app.notion.com/p/Participatory_Planning_and_Strategies-3331441510e181b09adbd91296317ceb?pvs=21), Community_Housing (https://app.notion.com/p/Community_Housing-3331441510e181cb8a1bc39f7c948f3b?pvs=21)",urban commons; mutual support; neighbourhood economy; social economy; community governance; Sants,,,hola@comunalitatsants.cat,"Neighbourhood-level communal economy initiative in Sants, Hostafrancs and La Bordeta. Relevant to CATBIS as local urban commons and social-economy infrastructure: mutual support, rooted economic projects, community governance, and neighbourhood transition capacity.",https://comunalitatsants.cat/,
Celo,,,"network/ecosystem, org","Added CATBIS with confirmation flag: strong ReFi/web3 reference relevance, but Catalunya-specific role is unclear.",international,regional,,,"Blockchain ecosystem and payments network positioned as programmable rails for global finance, with historical relevance to regenerative finance and climate-conscious web3 communities.",,,,,,"Impact Investing, Regeneration",,"Alternative Finance (https://app.notion.com/p/Alternative-Finance-3331441510e1818f9c0defb3e55bef58?pvs=21), Investment_Vehicles (https://app.notion.com/p/Investment_Vehicles-3331441510e1819da547e4c9865b3be1?pvs=21), Network_Weaving (https://app.notion.com/p/Network_Weaving-3331441510e18111a00ac80e1492315c?pvs=21), Structuring_and_Capitalization (https://app.notion.com/p/Structuring_and_Capitalization-3331441510e181ca9fbeeaf2171d3045?pvs=21)",blockchain; regenerative finance; stablecoin payments; web3,,,,"Blockchain ecosystem and payments network with historical relevance to regenerative finance, climate-conscious web3 communities, and programmable financial infrastructure. Relevant to CATBIS as a regenerative-finance / web3 reference network, though Catalunya-specific relevance is unclear.",https://celo.org/,
EsaLogika,,,org,,,,,,,,,,,,,,,,,,"Ksenia co-founder hola@esalogika.com and Morgan Burton collaborator 1 (619) 884-0562 ",,https://esalogika.com/,
Alianza contra la Pobreza Energética (APE),CATBIS,"Energy, Social","network/ecosystem, org",,"Ops in Catalunya, catalan",regional,,,Aliança contra la Pobresa Energètica (APE) is a Catalan grassroots movement defending universal access to basic supplies such as water and energy. It supports affected households and campaigns against utility cut-offs and energy poverty.,,,,,,Eco Social Transition,,"Renewable_Energy (https://app.notion.com/p/Renewable_Energy-3331441510e181f58896c3f08d1d6ee6?pvs=21), Political_Advocacy (https://app.notion.com/p/Political_Advocacy-3331441510e1812880fdd8d661966799?pvs=21), Network_Weaving (https://app.notion.com/p/Network_Weaving-3331441510e18111a00ac80e1492315c?pvs=21), Governance_Bodies (https://app.notion.com/p/Governance_Bodies-3331441510e181688959d5e2a5457fc6?pvs=21)",energy poverty; energy justice; basic supplies; grassroots advocacy; Catalunya; social rights,,,https://pobresaenergetica.es/es/contacta-es/,"Catalan energy-justice and basic-supplies movement. Relevant to CATBIS as social and political infrastructure for just energy transition, anti-poverty organising, mutual support, water/energy rights, legal protections, and grassroots advocacy against utility cut-offs in Catalunya.",https://pobresaenergetica.es/es/,
Federació Cooperatives de Treball,,,org,,,,,,,,,,,,,,,,,,federacio@cooperativestreball.coop,,https://www.cooperativestreball.coop/,
Barcelona Energia,CATBIS,,"org, public body","Ontology relation filled for renewable energy, public governance, advocacy and commons-oriented energy infrastructure.","Ops in Catalunya, catalan",regional,,,"Public 100% renewable electricity supplier for Barcelona and the metropolitan area, promoting energy transition, efficiency, local renewable generation, and citizen participation.",,,,,,Eco Social Transition,,"Renewable_Energy (https://app.notion.com/p/Renewable_Energy-3331441510e181f58896c3f08d1d6ee6?pvs=21), Governance_Bodies (https://app.notion.com/p/Governance_Bodies-3331441510e181688959d5e2a5457fc6?pvs=21), Political_Advocacy (https://app.notion.com/p/Political_Advocacy-3331441510e1812880fdd8d661966799?pvs=21), Commons_Governance_Protocols (https://app.notion.com/p/Commons_Governance_Protocols-3331441510e181019702eb428e0a8448?pvs=21)",public energy; renewable electricity; energy transition; self-consumption; municipalism; Barcelona metropolitan area,,,consulta@barcelonaenergia.cat,"Public renewable-energy supplier for Barcelona and the metropolitan area. Relevant to CATBIS as municipal/public energy transition infrastructure, supporting renewable electricity, self-consumption, efficiency, and citizen participation in a more democratic low-carbon energy model.",https://www.barcelonaenergia.cat/ca/home,
Clean Beach Initiative,,,,,,,,,,,,,,,,,,,,,info@cleanbeachinitiative.org,,https://cleanbeachinitiative.org/,
Asociación de Municipios y Entidades por el Agua Pública (AMAP),CATBIS,"Social, Water","network/ecosystem, org",,"Ops in Catalunya, catalan",regional,,,"AMAP is the Catalan Association of Municipalities and Entities for Public Water. It promotes and supports public water management across Catalunya, providing resources, coordination, and municipal support.",,,,,,Eco Social Transition,,"Commons_Governance_Protocols (https://app.notion.com/p/Commons_Governance_Protocols-3331441510e181019702eb428e0a8448?pvs=21), Governance_Bodies (https://app.notion.com/p/Governance_Bodies-3331441510e181688959d5e2a5457fc6?pvs=21), Political_Advocacy (https://app.notion.com/p/Political_Advocacy-3331441510e1812880fdd8d661966799?pvs=21), Water_Management (https://app.notion.com/p/Water_Management-3331441510e181288124c49fd649d9ba?pvs=21)",water commons; public water management; municipalism; territorial resilience; public infrastructure,610221985,,amap@amap.cat,"Catalan public-water network and municipal support infrastructure. Relevant to CATBIS through water commons, public water governance, remunicipalisation, drinking-water and sewage service governance, and territorial resilience across Catalunya. Strong complement to Aigua és Vida: AMAP is more municipal/institutional, while Aigua és Vida is more movement/platform oriented.",https://amap.cat/,
Gerard Costa (Anigami),,,ind,,,,,,,,,,,,,,,,,,,,https://www.linkedin.com/in/anigami/,
FEUT,,,org,,,,,,,,,,,,,,,,,,info@feut.org,,https://feut.org/,
Territori de Masies,,,org,,,,,,,,,,,,,,,,,,,,https://www.territoridemasies.cat/,
Crypto Mondays BCN telegram group,,,,,,,,,,,,,,,,,,,,,,,https://t.me/cryptomondaysbcn,
Roger Pan,,,ind,,,,,,,,,,,,,,,,,,rogerpan95@gmail.com,,,
Fundació Emprius,,,org,,,,,,,,,,,,,,,,,,,,https://emprius.cat/,
Celo Europe,,,"network/ecosystem, org","Added CATBIS with confirmation flag: relevant to European ReFi/web3 ecosystem infrastructure, but Catalunya-specific connection should be checked.",Ops in Europe,regional,,,"Community-driven initiative promoting adoption and growth of the Celo ecosystem in Europe, supporting mission-driven entrepreneurs and regenerative/decentralized applications.",,,,,,"Eco Social Transition, Impact Investing, Regeneration",,"Alternative Finance (https://app.notion.com/p/Alternative-Finance-3331441510e1818f9c0defb3e55bef58?pvs=21), Investment_Vehicles (https://app.notion.com/p/Investment_Vehicles-3331441510e1819da547e4c9865b3be1?pvs=21), Network_Weaving (https://app.notion.com/p/Network_Weaving-3331441510e18111a00ac80e1492315c?pvs=21), Venture_Cultivation (https://app.notion.com/p/Venture_Cultivation-3331441510e1810a9b93cfddfa945786?pvs=21)",Celo; web3; regenerative finance; Europe,,,,"European community initiative supporting adoption and growth of the Celo ecosystem, including mission-driven entrepreneurs and regenerative/decentralized applications. Relevant to CATBIS as European regenerative-finance / web3 ecosystem infrastructure, though Catalunya-specific relevance is unclear.",https://www.celoeu.org/,
Bioregional Earth,CATBIS,,"network/ecosystem, org","Added CATBIS with confirmation flag: strong bioregional/regeneration relevance, but Catalunya-specific relevance should be confirmed.",international,regional,,,"International bioregional learning and action organization connecting people, places, and practices around bioregional regeneration and Earth stewardship.",,,,,,"Bioregionalism, Eco Social Transition, Regeneration",,"Ecosystem Regeneration (https://app.notion.com/p/Ecosystem-Regeneration-3331441510e1816d83f1e6eb4734ef50?pvs=21), Network_Weaving (https://app.notion.com/p/Network_Weaving-3331441510e18111a00ac80e1492315c?pvs=21), Learning_Programs (https://app.notion.com/p/Learning_Programs-3331441510e181f48fccd81f52b7a58f?pvs=21), Participatory_Planning_and_Strategies (https://app.notion.com/p/Participatory_Planning_and_Strategies-3331441510e181b09adbd91296317ceb?pvs=21), Storying_Place (https://app.notion.com/p/Storying_Place-3331441510e18182bf1cd178a1b9ecc1?pvs=21)",bioregionalism; regeneration; Earth stewardship,,,,"International bioregional learning and action organization connecting people, places, and practices around bioregional regeneration and Earth stewardship. Relevant to CATBIS as a reference/network actor for bioregional practice, regenerative learning, network weaving, and broader field alignment, even if not specifically Catalan.",https://www.bioregionalearth.org/,
Azos,,,org,"Removed CATBIS: regenerative finance / environmental asset relevance is clear, but Catalunya-specific connection remains unclear.",international,,,,"Impact-finance / web3 organization building AZUSD, a green-asset / impact-backed stablecoin intended to direct capital toward environmental solutions.",,,,,,"Eco Social Transition, Impact Investing, Regeneration",,"Alternative Finance (https://app.notion.com/p/Alternative-Finance-3331441510e1818f9c0defb3e55bef58?pvs=21), Investment_Vehicles (https://app.notion.com/p/Investment_Vehicles-3331441510e1819da547e4c9865b3be1?pvs=21), Structuring_and_Capitalization (https://app.notion.com/p/Structuring_and_Capitalization-3331441510e181ca9fbeeaf2171d3045?pvs=21), Result_Based_Mechanisms (https://app.notion.com/p/Result_Based_Mechanisms-3371441510e180f0a6d2dfce8ad76f4b?pvs=21)",regenerative finance; stablecoin; impact finance; RWA; environmental assets,,,,"Impact-finance / web3 organization building a green-asset / impact-backed stablecoin intended to direct capital toward environmental solutions. Relevant as an international regenerative-finance reference, but no concrete Catalunya link was confirmed in this batch.",https://azos.finance/,
Grup Cooperatiu,,,org,,,,,,,,,,,,,,,,,,gestio@grupecos.coop,,https://grupecos.coop/,
Ecolectia,,,org,,,,,,,,,,,,,,,,,,,,https://ecolectia.com/es/,
La Comunal,,,org,,,,,,,,,,,,,,,,,,info@lacomunal.coop,,https://lacomunal.coop/?lang=en,
Vocdoni,,,org,,,,,,,,,,,,,,,,,,,,https://www.vocdoni.io/,
Revoltes de la Terra,,,,,,,,,,,,,,,,,,,,,,,https://www.revoltesdelaterra.cat/,
Nexe coop,,,org,,,,,,,,,,,,,,,,,,,,https://www.nexe.coop/,
Degrowthers Currently in BCN telegram group,,,,,,,,,,,,,,,,,,,,,,,,
Melina Angel,,,ind,,,,,,,,,,,,,,,,,,,,https://www.linkedin.com/in/melina-angel-94434b4/,
"Reconstruir el Comunal ",,,org,,,,,,,,,,,,,,,,,,https://reconstruirelcomunal.suportmutu.org/contacte/,,https://reconstruirelcomunal.suportmutu.org/,
Anna Ramon Revilla,,,ind,,,,,,"Communication Manager and Head of Communications at CREAF, with a background in biology and science/environmental communication; leads institutional, project, stakeholder, web, media, and outreach communications.",,,,,,,,,,,,,,https://www.creaf.cat/en/about-us/our-people/anna-ramon-revilla,
Pura Vida,,,org,,,,,,,,,,,,,,,,,,,,,
Regenerosity,"CATBIS, bioreg",,org,Added CATBIS while preserving existing bioreg tag. Current source is only Linktree; needs source check and confirmation of relevance.,international,regional,,,Regenerosity is a regenerative / bioregional finance and generosity-oriented initiative referenced in the CRM through a Linktree source.,,,,,,"Bioregionalism, Impact Investing, Regeneration",,"Alternative Finance (https://app.notion.com/p/Alternative-Finance-3331441510e1818f9c0defb3e55bef58?pvs=21), Network_Weaving (https://app.notion.com/p/Network_Weaving-3331441510e18111a00ac80e1492315c?pvs=21), Investment_Vehicles (https://app.notion.com/p/Investment_Vehicles-3331441510e1819da547e4c9865b3be1?pvs=21)",regenerative finance; generosity; bioregionalism; alternative finance; source check needed,,,,"Regenerative/bioregional finance and generosity-oriented initiative. Relevant to CATBIS as a potential reference or network node for regenerative finance, alternative funding culture, and bioregional support flows, but the current source is thin and needs confirmation.",https://linktr.ee/regenerosity,
Escola de pastors,,,org,,,,,,,,,,,,,,,,,,info@rurbans.org,,https://escoladepastorsdecatalunya.cat/,
Economia Social,,,org,,,,,,,,,,,,,,,,,,informacio@economiasocial.coop,,https://economiasocial.coop/,
" Institute of Environmental Science and Technology (ICTA) at the Universitat Autònoma de Barcelona (UAB)",,,org,,,,,,,,,,,,,,,,,,,,https://www.uab.cat/,
Canòdrom,CATBIS,,"org, public body, space",Added CATBIS with confirmation flag: strong civic/democratic infrastructure relevance; specific regenerative/CATBIS role should be checked.,"Ops in Catalunya, catalan",regional,,,"Barcelona digital and democratic innovation centre hosted in the former Meridiana greyhound track, offering cultural, civic-tech, democracy, creativity, and community programming.",,,,,,Eco Social Transition,,"Cultural_Hub_or_Learning_Center (https://app.notion.com/p/Cultural_Hub_or_Learning_Center-3331441510e18163bf4ce6a952135f8c?pvs=21), Learning_Programs (https://app.notion.com/p/Learning_Programs-3331441510e181f48fccd81f52b7a58f?pvs=21), Commons_Governance_Protocols (https://app.notion.com/p/Commons_Governance_Protocols-3331441510e181019702eb428e0a8448?pvs=21), Network_Weaving (https://app.notion.com/p/Network_Weaving-3331441510e18111a00ac80e1492315c?pvs=21), Participatory_Planning_and_Strategies (https://app.notion.com/p/Participatory_Planning_and_Strategies-3331441510e181b09adbd91296317ceb?pvs=21)",civic tech; democratic innovation; digital commons; community programming; cultural hub; Barcelona,,,hola@canodrom.barcelona,"Barcelona digital and democratic innovation centre offering civic-tech, culture, democracy, creativity, and community programming. Relevant to CATBIS as urban civic infrastructure for democratic innovation, digital commons, community learning, and ecosocial transition capacity in Barcelona.",https://canodrom.barcelona/,
Plastiks,,,org,,,,,,,,,,,,,,,,,,,,https://www.plastiks.io/,
Akasha Hub,CATBIS,"Circular, Social","network/ecosystem, org, space",,"Ops in Catalunya, catalan",Barcelonès,,,"AKASHA Hub is a Barcelona civic hub and self-managed community for social innovation, shared knowledge, sustainability, experimentation, makers/workshops, and social-impact projects.",,,,,,"Eco Social Transition, Regeneration",,"Cultural_Hub_or_Learning_Center (https://app.notion.com/p/Cultural_Hub_or_Learning_Center-3331441510e18163bf4ce6a952135f8c?pvs=21), Network_Weaving (https://app.notion.com/p/Network_Weaving-3331441510e18111a00ac80e1492315c?pvs=21)",social innovation; civic infrastructure; urban regeneration; community experimentation; shared knowledge; Barcelona,,,hub@akasha.barcelona,"Barcelona civic hub for social innovation and community experimentation. Relevant to CATBIS as urban social infrastructure for sustainable ideas, shared knowledge, interdisciplinary collaboration, makers/workshops, biological/garden experimentation, decentralized governance, and neighbourhood-scale social-impact projects.",https://akasha.barcelona/,
Mas La Sala,,,org,,,,,,,,,,,,,,,,,,contacte@maslasala.org,,https://www.maslasala.org/,
Friends of casa Tilo,,,,,,,,,,,,,,,,,,,,,,,,
Yann,,,ind,,,,,,,,,,,,,,,,,,,,,
"Sumar, Foro Transiciones",,,org,,,,,,,,,,,,,,,,,,,,https://forotransiciones.org/,
Future Food Institute,,,org,,,,,,,,,,,,,,,,,,,,https://futurefoodinstitute.org/,
CONFAVC — Confederació d’Associacions Veïnals de Catalunya,CATBIS,,"network/ecosystem, org",Added CATBIS: clear Catalan neighbourhood/community organizing relevance. No collaboration status inferred.,"Ops in Catalunya, catalan",regional,,,"Catalan federation of neighbourhood associations supporting the neighbourhood movement, social projects, training, campaigns, and community struggles to improve life in Catalunya’s barrios.",,,,,,Eco Social Transition,,"Network_Weaving (https://app.notion.com/p/Network_Weaving-3331441510e18111a00ac80e1492315c?pvs=21), Governance_Bodies (https://app.notion.com/p/Governance_Bodies-3331441510e181688959d5e2a5457fc6?pvs=21), Participatory_Planning_and_Strategies (https://app.notion.com/p/Participatory_Planning_and_Strategies-3331441510e181b09adbd91296317ceb?pvs=21), Political_Advocacy (https://app.notion.com/p/Political_Advocacy-3331441510e1812880fdd8d661966799?pvs=21), Commons_Governance_Protocols (https://app.notion.com/p/Commons_Governance_Protocols-3331441510e181019702eb428e0a8448?pvs=21)",neighbourhood movement; civic organizing; community networks,,,veins@confavc.cat,"Catalan federation of neighbourhood associations supporting community organizing, social projects, training, campaigns, and neighbourhood struggles across Catalunya. Relevant to CATBIS as civic/community infrastructure for urban commons, local resilience, social justice, and ecosocial transition in Catalan neighbourhoods.",https://confavc.cat/,
Espai Ambiental Cooperativa,,,org,,,,,,,,,,,,,,,,,,"	

info@espaiambiental.coop",,https://espaiambiental.coop/,
BATEC,CATBIS,,"network/ecosystem, org","Ontology relation filled for renewable energy, network weaving, commons governance, collective ownership models and participatory planning.","Ops in Catalunya, catalan",regional,,,"Barcelona-based cooperative/intercooperation project for energy transition, promoting a sustainable, just, democratic energy model from the social and solidarity economy.",,,,,,Eco Social Transition,,"Renewable_Energy (https://app.notion.com/p/Renewable_Energy-3331441510e181f58896c3f08d1d6ee6?pvs=21), Network_Weaving (https://app.notion.com/p/Network_Weaving-3331441510e18111a00ac80e1492315c?pvs=21), Commons_Governance_Protocols (https://app.notion.com/p/Commons_Governance_Protocols-3331441510e181019702eb428e0a8448?pvs=21), Collective_Ownership_Models (https://app.notion.com/p/Collective_Ownership_Models-3331441510e1811db7b2e4505cc30563?pvs=21), Participatory_Planning_and_Strategies (https://app.notion.com/p/Participatory_Planning_and_Strategies-3331441510e181b09adbd91296317ceb?pvs=21)",energy transition; energy sovereignty; energy communities; social and solidarity economy; cooperativism; renewable energy,,,info@batec.coop,"Barcelona cooperative intercooperation node for democratic energy transition. Relevant to CATBIS as social-and-solidarity-economy infrastructure for energy sovereignty, local renewables, energy communities, and ecosocial transition of the energy model.",https://batec.coop/,
FabLab Barcelona,,,org,,,,,,,,,,,,,,,,,,info@fablabbcn.org,,https://fablabbcn.org/,
Austin Desautels,,,ind,,,,,,,,,,,,,,,,,,adesaute@gmail.com,,,
Edenway,,,org,,,,,,,,,,,,,,,,,,https://www.edenwaygroup.com/en/home/contacts/,,https://www.edenwaygroup.com/en/,
Hanin Fraser,,,ind,,,,,,,,,,,,,,,,,,haninfraser1@gmail.com,,,
Maksym Zalevskyi,,,ind,,,,,,,,,,,,,,,,,,zalevskim@gmail.com,,,
Ecofrontiers,,,org,,,,,,,,,,,,,,,,,,,,https://ecofrontiers.xyz/,
Ana Belen,,,ind,"Needs review / possible duplicate: this row (Ana Belen, mailto:ana@eigenfoundation.org) may refer to the same person as Ana Belén | EigenLabs - EigenLayer (mailto:ana@eigenlabs.org), but the email/domain differs. Public search surfaced Eigen Foundation context but did not confidently confirm this exact contact. Consider merging or linking after confirmation.",,,,,"Individual contact using an Eigen Foundation email. Likely connected to Eigen Foundation, but identity and role are not fully confirmed from the available data.",,,,,,,,,,,,ana@eigenfoundation.org,,https://blog.eigenfoundation.org/,
elespectator,,,ind,,,,,,,,,,,,,,,,,,joansajoansa26@gmail.com,,,
"Stay Grounded ",,,org,,,,,,,,,,,,,,,,,,info@stay-grounded.org,,https://stay-grounded.org/strategy-conference/,
Akinola,,,ind,"Needs review: search results did not confidently match akinboteakinola@gmail.com to this CRM actor. Kept as individual (ind); do not infer organization, geography, or CATBIS/ORSH relevance without more context.",,,,,Individual contact named Akinola with a public email recorded. No reliable public/contextual information found to identify role or affiliation.,,,,,,,,,,,,akinboteakinola@gmail.com,,,
Nexe,,,org,,,,,,,,,,,,,,,,,,,,https://www.nexe.com/en/,
Florina Lozinca,,,ind,,,,,,,,,,,,,,,,,,florina.lozinca@gmail.com,,,
Ana Lucía Lara,,,ind,"Needs review: no email, website, LinkedIn, body context, or affiliation available in the CRM row. Public search would be too ambiguous for this name without additional context, so enrichment fields were left conservative.",,,,,Individual contact named Ana Lucía Lara. Insufficient public/contextual information available to identify affiliation or role confidently.,,,,,,,,,,,,,,,
Filip Berliński,,,ind,,,,,,,,,,,,,,,,,,filip.berlinski@outlook.com,,,
Aiguasol & JoinEnergy,CATBIS,"Energy, Social",org,,"Ops in Catalunya, Ops in Europe, catalan",Barcelonès,,,"Aiguasol is a Barcelona-based cooperative providing energy consultancy, engineering, software, and applied research for renewable energy, energy communities, district networks, building decarbonisation, and energy-transition planning.",,,,,,Eco Social Transition,,"Renewable_Energy (https://app.notion.com/p/Renewable_Energy-3331441510e181f58896c3f08d1d6ee6?pvs=21), Services & Infrastructure (https://app.notion.com/p/Services-Infrastructure-3331441510e18193a321cb34b431013f?pvs=21), Construction_and_Infrastructure (https://app.notion.com/p/Construction_and_Infrastructure-3331441510e1817dad9bdcf168000c8f?pvs=21), Formal_Scientific_Process (https://app.notion.com/p/Formal_Scientific_Process-3331441510e181298bb3ee02c9dad9da?pvs=21), Ecological_Monitoring (https://app.notion.com/p/Ecological_Monitoring-3331441510e1816ba8f8c71a168a276e?pvs=21)",energy transition; renewable energy; energy communities; building decarbonisation; energy planning; cooperative; Catalunya,93 342 47 55,,info@aiguasol.coop,"Barcelona-based cooperative energy consultancy and R&D actor. Relevant to CATBIS as technical infrastructure for renewable energy, energy communities, district heating/cooling, building decarbonisation, environmental quality, monitoring, and democratic low-carbon transition in Catalunya and Europe.",https://aiguasol.coop/,
Silke Brockhausen,,,ind,,,,,,,,,,,,,,,,,,svbrockhausen@gmail.com,,,
Lisa Baumgärtner,,,ind,,,,,,,,,,,,,,,,,,lisabc.rif@gmail.com,,,
Sonia Teruel,,,ind,,,,,,,,,,,,,,,,,,soniatheregenlab@gmail.com,,,
LabCoop,,,org,,,,,,,,,,,,,,,,,,info@labcoop.coop,,https://www.labcoop.coop/es/,
Markel,,,ind,,,,,,,,,,,,,,,,,,markel@holon.cat,,,
FETS,,,org,,,,,,,,,,,,,,,,,,comunicacio@fets.org,,https://fets.org/,
Ethereum Localism,,,org,,,,,,,,,,,,,,,,,,,,https://www.ethereumlocalism.xyz/,
Filipa,,,ind,,,,,,,,,,,,,,,,,,,,,
Arç Cooperativa,CATBIS,"Energy, Social",org,,"Ops in Catalunya, catalan",regional,,,"Arç Cooperativa is a Catalan insurance brokerage specializing in ethical and solidarity-based insurance for the social and solidarity economy, the voluntary sector, and renewable-energy initiatives.",,,,,,Eco Social Transition,,"Alternative Finance (https://app.notion.com/p/Alternative-Finance-3331441510e1818f9c0defb3e55bef58?pvs=21), Collective_Ownership_Models (https://app.notion.com/p/Collective_Ownership_Models-3331441510e1811db7b2e4505cc30563?pvs=21), Renewable_Energy (https://app.notion.com/p/Renewable_Energy-3331441510e181f58896c3f08d1d6ee6?pvs=21), Services & Infrastructure (https://app.notion.com/p/Services-Infrastructure-3331441510e18193a321cb34b431013f?pvs=21)",ethical insurance; cooperative insurance; social and solidarity economy; renewable energy; cooperative finance; Catalunya,,,info@arc.coop,"Catalan cooperative insurance brokerage and service infrastructure for the social and solidarity economy. Relevant to CATBIS as enabling infrastructure for cooperatives, associations, renewable-energy initiatives, and ecosocial-transition actors. Not a direct ecological actor, but useful as social/financial resilience infrastructure for the ecosystem.",https://arc.coop/,
Lorenzo,,,ind,,,,,,,,,,,,,,,,,,laurentius.p@gmail.com,,,
Plataforma en Defensa del Ebro,,,org,,,,,,,,,,,,,,,,,,plataformadefensaebre@gmail.com,,https://www.ebre.net/bloc/,
Mikel,,,ind,,,,,,,,,,,,,,,,,,,,,
Jose aniceto Romero Garcia,,,ind,,,,,,,,,,,,,,,,,,jose.aniceto.romero.garcia@gmail.com,,,
"Gustavo ",,,ind,,,,,,,,,,,,,,,,,,g.pereyra@hotmail.es,,,
Nikoline,,,ind,,,,,,,,,,,,,,,,,,nikoline@arns.nl,,,
"Giga ",,,org,,,,,,,,,,,,,,,,,,,,https://giga.global/,
ReFi Barcelona,,,ind,,,,,,,,,,,,,,,,,,refibarcelona@gmail.com,,,
Charles van de Kerkhof,,,ind,,,,,,,,,,,,,,,,,,charles@fjallgas.agency,,,
Gabriela Cortes,,,ind,,,,,,,,,,,,,,,,,,gabcordur@gmail.com,,,
Angela,,,ind,Only available information is an Apple private relay email. Kept as individual contact; no further enrichment without more context.,,,,,,,,,,,,,,,,,74scwqc95r@privaterelay.appleid.com,,,
Mobilising Hope,,,org,,,,,,,,,,,,,,,,,,,,https://www.meetup.com/lets-talk-about-climate-change/events/,
axmc,,,ind,,,,,,,,,,,,,,,,,,andrea@axmc.xyz,,,
GENS — Grup d’Experimentació en Naturisme i Sostenibilitat,CATBIS,,org,"Ontology relation filled for regenerative agriculture, rural learning, farmer/project support, network weaving, demonstrator-site work and ecological monitoring.","Ops in Catalunya, catalan","Alt Penedès, Font-Rubí",,,"Nonprofit rural sustainability association based around Vilafranca del Penedès / Font-rubí, working on sustainable rural initiatives, agroecology, low-tech, education, and regenerative project support.",,,,,,"Bioeconomy, Eco Social Transition, Regeneration",,"Regenerative_Agriculture (https://app.notion.com/p/Regenerative_Agriculture-3331441510e181a3a4c8d5e5948fe526?pvs=21), Learning_Programs (https://app.notion.com/p/Learning_Programs-3331441510e181f48fccd81f52b7a58f?pvs=21), Farmer_Support (https://app.notion.com/p/Farmer_Support-3331441510e18121891cff38c403492d?pvs=21), Network_Weaving (https://app.notion.com/p/Network_Weaving-3331441510e18111a00ac80e1492315c?pvs=21), Demonstrator_Site (https://app.notion.com/p/Demonstrator_Site-3331441510e181008114ef47089f4baa?pvs=21), Ecological_Monitoring (https://app.notion.com/p/Ecological_Monitoring-3331441510e1816ba8f8c71a168a276e?pvs=21)",rural sustainability; agroecology; low-tech; environmental education; regenerative rural initiatives; Alt Penedès; Font-rubí,,,,"Alt Penedès rural sustainability association supporting agroecology, low-tech, environmental education, and regenerative rural initiatives. Relevant to CATBIS as a local actor for rural regeneration, food-system transition, eco-social learning, and community-scale experimentation in Catalunya.",https://associaciogens.org/,
Ingrid Astiz Jensen,,,ind,,,,,,,,,,,,,,,,,,ingrid.astiz@gmail.com,,,
"Nicola Scherer ",,,ind,,,,,,,,,,,,,,,,,,nicola.scherer@odg.cat,,,
Arturo Garcia Montanaro,,,ind,Only available structured context is public email arturomontanaro@landia.world. Possible affiliation with Landia; consider linking/creating organization row if useful.,,,,,Individual contact with Landia email domain.,,,,,,,,,,,,arturomontanaro@landia.world,,,
"Regen Hub’25 ",,,,,,,,,,,,,,,,,,,,,,,https://associaciogens.org/regen-hub/,
Clara G,,,ind,,,,,,,,,,,,,,,,,,clara@dorg.tech,,,
Chusa Cabedo,,,ind,,,,,,,,,,,,,,,,,,chusacabedo@gmail.com,,,
Vincent,,,ind,,,,,,,,,,,,,,,,,,refi@viable.community,,,
Silke (UN Lady),,,ind,,,,,,,,,,,,,,,,,,,,,
Joan de Ramón Brunet,,,ind,,,,,,,,,,,,,,,,,,jodrbrunet@gmail.com,,,
Simona S,,,ind,,,,,,,,,,,,,,,,,,simona.sukanova@gmail.com,,,
Art K,,,ind,Original title was Art K | Private keys eat the world; moved qualifier into Notes/Description. Public email: artem.krt@gmail.com.,,,,,Individual contact; title/context references “Private keys eat the world.”,,,,,,,,,,,,artem.krt@gmail.com,,,
Cucsperativa,,,org,Search results were not sufficient to verify Cucsperativa directly. Existing email points to Dies d’Agost. Needs manual source check before thematic/CATBIS tagging.,"Ops in Catalunya, catalan",,,,Catalan cooperative / food-related initiative referenced through El Setembre and Dies d’Agost; exact organizational role needs confirmation from better source material.,,,,,,,,,,,,info@diesdagost.cat,,https://www.elsetembre.cat/noticies/etiqueta/Cucsperativa,
Valentin Marraffa,,,ind,,,,,,,,,,,,,,,,,,valentinmarraffa@gmail.com,,,
Jamgo,,,org,,,,,,,,,,,,,,,,,,info@jamgo.coop,,https://jamgo.coop/en/,
"ATIH Barcelona ",,,,,,,,,,,,,,,,,,,,,,,,
miguel teixeira,,,ind,,,,,,,,,,,,,,,,,,miguel@lunapr.io,,,
Polyfarming,,,,,,,,,,,,,,,,,,,,,,,https://polyfarming.eu/,
Observatori de la Moneda Complementària,,,org,,,,,,,,,,,,,,,,,,,,https://observatoriomc.glide.page/dl/16a409,
IEMed - Institute Europeu de la Mediterrania,,,org,,,,,,,,,,,,,,,,,,,,https://www.iemed.org/,
Francesca Pick,,,ind,,,,,,,,,,,,,,,,,,francesca@greaterthan.works,,,
Berta,,,ind,,,,,,,,,,,,,,,,,,bbonastre1@gmail.com,,,
Ana Belén,,,ind,"Likely match from public LinkedIn result: Ana Belén G, formerly Marketing Lead / community strategy at Eigen Labs, working on EigenLayer / EigenCloud and LATAM & Iberia growth. Possible duplicate with Ana Belen using mailto:ana@eigenfoundation.org; confirm whether these should be merged, kept separate, or connected to separate Eigen Foundation / Eigen Labs organization rows.",,,,,"Marketing and community professional formerly connected to Eigen Labs / EigenLayer, with experience in global community strategy, growth, and partnerships for LATAM and Iberia.",,,,,https://linkedin.com/in/anabelengzfs,,,,,,,ana@eigenlabs.org,,https://www.eigenlabs.org/,
Monica Urrutia,,,ind,,,,,,,,,,,,,,,,,,monicaurrutia10@gmail.com,,,
Aura Brito,,,ind,,,,,,,,,,,,,,,,,,aurabrito@gmail.com,,,
Nena Jain,,,ind,,,,,,,,,,,,,,,,,,nena@regen.foundation,,,
Nuria Social,,,"org, space",,,,,,,,,,,,,,,,,,,,https://nuriasocial.org/,
Roosevelt Gordones,,,ind,,,,,,,,,,,,,,,,,,rgordones@gmail.com,,,
Marco,,,ind,,,,,,,,,,,,,,,,,,marcofreites1@gmail.com,,,
Andreas,,,ind,Only available information is public email andrea.amenta87@gmail.com. Name may need review: row is titled Andreas but email suggests Andrea Amenta.,,,,,,,,,,,,,,,,,andrea.amenta87@gmail.com,,,
SANTIAGO JALLE,,,ind,,,,,,,,,,,,,,,,,,agenciainnata@gmail.com,,,
Elena OGLINDA,,,ind,,,,,,,,,,,,,,,,,,elena@tertie.co,,,
ReFi Unconference Barcelona 2024 telegram group,,,,,,,,,,,,,,,,,,,,,,,https://t.me/+49U7od1PewwyN2Y8,
Patrick Rawson,,,ind,,,,,,,,,,,,,,,,,,pat@ecofrontiers.xyz,,,
Louie,,,ind,,,,,,,,,,,,,,,,,,louiekwu@gmail.com,,,
"Levi ",,,ind,,,,,,,,,,,,,,,,,,zanatash25@gmail.com,,,
Simbiosi Fluvial,,,,,,,,,,,,,,,,,,,,,,,https://balkar.earth/fluvia/,
"Marcela ",,,ind,,,,,,,,,,,,,,,,,,marce_orion@hotmail.com,,,
Augusto Ferreira,,,ind,,,,,,,,,,,,,,,,,,abmello@hotmail.com,,,
"Doris Boira ",,,ind,,,,,,,,,,,,,,,,,,dboira@coopelafabrica.cat,,,
Ferran Pauls,,,ind,,,,,,,,,,,,,,,,,,ferranpauls10@gmail.com,,,
Carlota,,,ind,,,,,,,,,,,,,,,,,,lotaoto@gmail.com,,,
Stefan Rehm,,,ind,,,,,,,,,,,,,,,,,,srehm007@yahoo.de,,,
Edu,,,ind,,,,,,,,,,,,,,,,,,eduardota55@gmail.com,,,
Asociación de Agricultura Regenerativa Ibérica,,,org,Likely duplicate of “Agricultura Regenerativa Iberica” already curated in RCSH; removed CATBIS from this duplicate row pending manual merge/consolidation.,"Ops in Catalunya, Ops in Spain",,,,"Asociación de Agricultura Regenerativa Ibérica is an Iberian association promoting regenerative agriculture and livestock through training, community building, farm mapping, criteria development, and practitioner/researcher collaboration.",,,,,,"Bioeconomy, Eco Social Transition, Regeneration",,"Regenerative_Agriculture (https://app.notion.com/p/Regenerative_Agriculture-3331441510e181a3a4c8d5e5948fe526?pvs=21), Farmer_Support (https://app.notion.com/p/Farmer_Support-3331441510e18121891cff38c403492d?pvs=21), Learning_Programs (https://app.notion.com/p/Learning_Programs-3331441510e181f48fccd81f52b7a58f?pvs=21), Social_or_Network_Mapping (https://app.notion.com/p/Social_or_Network_Mapping-3331441510e181b391e4fa86ad032bfa?pvs=21), Network_Weaving (https://app.notion.com/p/Network_Weaving-3331441510e18111a00ac80e1492315c?pvs=21)",regenerative agriculture; agroecology; food systems; farm mapping; Iberia,,,info@agriculturaregenerativa.es,"Iberian regenerative agriculture association with Catalunya-facing relevance through Catalan events, farms, actors, and collaborations such as regenerative-agriculture work with CREAF and Catalunya-based gatherings. Relevant to CATBIS as a core field actor for regenerative agriculture, soil health, biodiversity, food sovereignty, and agroecological transition across Iberia with concrete Catalan links.",https://www.agriculturaregenerativa.es/,
Mei,,,ind,,,,,,,,,,,,,,,,,,mei.wen@gmail.com,,,
"Emilia Sierra ",,,ind,,,,,,,,,,,,,,,,,,emiliasierraguzman@gmail.com,,,
Commons Agency,,,ind,,,,,,,,,,,,,,,,,,commonsagency@gmail.com,,,
Antonio Scotti,,,ind,"Public email is info@permacultura-es.org, which appears organizational rather than personal. Kept Antonio Scotti as individual, but consider creating/linking the related Permacultura ES organization row if relevant.",,,,,Individual contact associated with the Permacultura ES email/domain.,,,,,,,,,,,,info@permacultura-es.org,,https://www.permacultura-es.org/,
Marta Fabregas,,,ind,,,,,,,,,,,,,,,,,,marta@noaadventures.com,,,
Ashwin Prakash Nalwade,,,ind,Only available structured context is public email apn308@nyu.edu. Kept as individual contact; no online research needed.,,,,,Individual contact with NYU email address.,,,,,,,,,,,,apn308@nyu.edu,,,
Louise Borreani,,,ind,,,,,,,,,,,,,,,,,,louise@ecofrontiers.xyz,,,
Lucía Hernández,,,ind,,,,,,,,,,,,,,,,,,luciahdez@hotmail.com,,,
Grama moneda local Santa Coloma,,,org,,,,,,,,,,,,,,,,,,,,https://www.gramamoneda.cat/es/,
Hanneliese Freites,,,ind,,,,,,,,,,,,,,,,,,ha.freites@gmail.com,,,
Rosario Fernandez,,,ind,,,,,,,,,,,,,,,,,,rosariofndz@outlook.com,,,
Luca,,,ind,,,,,,,,,,,,,,,,,,lucapuccini87@gmail.com,,,
Vanina Di Salvo,,,ind,,,,,,,,,,,,,,,,,,ing.vaninadisalvo@gmail.com,,,
Héctor Noé García,,,ind,,,,,,,,,,,,,,,,,,hnoegarmo@gmail.com,,,
Regen Atlas,,,org,,,,,,,,,,,,,,,,,,,,https://www.regenatlas.xyz/,
"Juana Navarro Gómez ",,,ind,,,,,,,,,,,,,,,,,,juana.navarro.gomez@gmail.com,,,
Lluis Muns Terrats,,,ind,,,,,,,,,,,,,,,,,,,,https://www.linkedin.com/in/lluismuns/,
Clamour,,,,,,,,,,,,,,,,,,,,,,,https://www.meetup.com/backstory-english-bookshop-events/events/308276416/,
marcel,,,ind,,,,,,,,,,,,,,,,,,marcelfgc@gmail.com,,,
Gustavo Pereyra,,,ind,,,,,,,,,,,,,,,,,,gustavo_pereyra_@hotmail.com,,,
Federico Arcuri,,,ind,,,,,,,,,,,,,,,,,,artu.fede@gmail.com,,,
Balkar.Earth,,,,,,,,,,,,,,,,,,,,,,,balkar.earth/,
Nelson Melina,,,ind,,,,,,,,,,,,,,,,,,nelsonmelina@pm.me,,,
Arran de Terra,CATBIS,"Ecosystems, Food, Social",org,,"Ops in Catalunya, catalan",regional,,,"Arran de Terra is a Catalan agroecology cooperative promoting fairer and more sustainable food systems through local agroecological transition projects, food sovereignty work, and community-oriented accompaniment.",,,,,,"Bioeconomy, Eco Social Transition, Regeneration",,"Regenerative_Agriculture (https://app.notion.com/p/Regenerative_Agriculture-3331441510e181a3a4c8d5e5948fe526?pvs=21), Farmer_Support (https://app.notion.com/p/Farmer_Support-3331441510e18121891cff38c403492d?pvs=21), Community_Food_Access (https://app.notion.com/p/Community_Food_Access-3331441510e1817daf1efe81df7ef31c?pvs=21), Participatory_Planning_and_Strategies (https://app.notion.com/p/Participatory_Planning_and_Strategies-3331441510e181b09adbd91296317ceb?pvs=21), Network_Weaving (https://app.notion.com/p/Network_Weaving-3331441510e18111a00ac80e1492315c?pvs=21)",agroecology; local food systems; food sovereignty; agroecological transition; cooperative; Catalunya,,,,"Catalan agroecology cooperative and food-system transition actor. Relevant to CATBIS through agroecology, local food systems, food sovereignty, producer/community accompaniment, territorial resilience, and participatory transition work. Keep Area2 regional unless a specific project geography is being curated.",https://arrandeterra.org/,
eduardo torres,,,ind,,,,,,,,,,,,,,,,,,drac.cycles@gmail.com,,,
Decidim,,,"network/ecosystem, org","Originated from Barcelona/Catalunya civic-tech and democratic innovation ecosystems. Not directly regeneration-focused, but relevant as governance/digital commons infrastructure; CATBIS not added unless civic-tech infrastructure is included.","Ops in Catalunya, Ops in Europe, catalan",,,,"Free and open-source public-common digital infrastructure for participatory democracy, enabling assemblies, consultations, participatory processes, citizen initiatives, and community governance.",,,,,,Eco Social Transition,,,participatory democracy; civic tech; digital commons; public-common infrastructure,,,,,https://decidim.org/,
LaCoordi,,,org,,,,,,,,,,,,,,,,,,comunicacio@lacoordi.cat,,https://lacoordi.cat/,
Terra Restore,,,org,,,,,,,,,,,,,,,,,,,,https://terra-restore.org/terra-restore-english/,
Cambium Permacultura,CATBIS,,org,"Ontology relation filled for permaculture/regenerative agriculture, learning programs, demonstrator-site potential, peer learning and hub/center role.","Ops in Catalunya, Ops in Spain, catalan",regional,,,"Barcelona-based nonprofit permaculture association active since 2003, promoting permaculture as a design and implementation tool for regenerative urban, peri-urban, and rural projects.",,,,,,"Bioregionalism, Eco Social Transition, Regeneration",,"Regenerative_Agriculture (https://app.notion.com/p/Regenerative_Agriculture-3331441510e181a3a4c8d5e5948fe526?pvs=21), Learning_Programs (https://app.notion.com/p/Learning_Programs-3331441510e181f48fccd81f52b7a58f?pvs=21), Demonstrator_Site (https://app.notion.com/p/Demonstrator_Site-3331441510e181008114ef47089f4baa?pvs=21), Peer_Learning (https://app.notion.com/p/Peer_Learning-3331441510e1811fa2ebc276ab53a2f6?pvs=21), Cultural_Hub_or_Learning_Center (https://app.notion.com/p/Cultural_Hub_or_Learning_Center-3331441510e18163bf4ce6a952135f8c?pvs=21)",permaculture; regenerative design; agroecology; regenerative education; urban and rural transition,,,info@permacultura-es.org,"Barcelona-based permaculture association and training node for regenerative design in urban, peri-urban and rural contexts. Relevant to CATBIS through permaculture education, agroecology, regenerative food systems, and practitioner capacity-building in Catalunya and Spain.",https://www.permacultura-es.org/,
The Regen Lab,,,org,,,,,,,,,,,,,,,,,,,,"www.theregenlab.com ",
Club ZCash Barcelona,,,,,,,,,,,,,,,,,,,,,,,https://zcashesp.com/club-zcash-barcelona/,
Digital Innovation Hub Catalonia,,,"org, public body",,,,,,,,,,,,,,,,,,,,https://dih4cat.cat/es/,
SomIT,,,org,,,,,,,,,,,,,,,,,,,,https://somit.coop/,
Jordi Llorens Almansa,,,ind,,,,,,,,,,,,,,,,,,jordillorensalmansa@gmail.com,,,
FemProComuns,,,org,,,,,,,,,,,,,,,,,,,,https://femprocomuns.coop/,
Federico Orozco Mouret,,,ind,,,,,,,,,,,,,,,,,,Federico@terra-restore.org,,Terra Restore,
Finboot,,,org,,,,,,,,,,,,,,,,,,,,https://www.finboot.com/,
Aline VaMo,,,ind,"Public sources identify Aline VaMo / Aline Van Moerbeke as a permaculture facilitator and designer, linked to La Casa Integral and PermaMed, with work on permaculture education, water-cycle restoration, ecological design, and suburban solutions. Existing body note lists related orgs to add separately: La Casa Integral, PermaMed, Biorne Permacultura, Academia Permacultura Íbera, and http://perma.earth. Issue: likely CATBIS/bioreg relevance, but I did not add CATBIS or create/link organization rows in this batch without confirmation.","Ops in Spain, international",,,,"Permaculture designer, facilitator, and educator connected to La Casa Integral, PermaMed, Permacultura Íbera, and international permaculture learning networks.",,,,,,"Bioregionalism, Eco Social Transition, Regeneration",,,,,,AlineVaMo@protonmail.com,,https://www.permaculture.org.uk/user/aline-vamo,
Pomezia,,,"org, space",,,,,,,,,,,,,,,,,,,,,
Artificial Nature,CATBIS,"Circular, Food",org,,"Ops in Catalunya, catalan",Barcelonès,,,"Artificial Nature / DAN*NA is a Barcelona-based advanced materials company developing PLH, a patented bio-based polymer platform for bioplastics, bio-resins, agriculture, cosmetics, and biomedical applications.",,,,,,"Bioeconomy, Eco Social Transition",,"Materials_Transformation (https://app.notion.com/p/Materials_Transformation-3331441510e181788e3ad7ffb8a2be05?pvs=21), Value_Chain_Development (https://app.notion.com/p/Value_Chain_Development-3331441510e181b0bf6efa361478dbf2?pvs=21), Agro-Bioeconomy (https://app.notion.com/p/Agro-Bioeconomy-3331441510e18101a15cf3113a0d0ee2?pvs=21), Construction_and_Infrastructure (https://app.notion.com/p/Construction_and_Infrastructure-3331441510e1817dad9bdcf168000c8f?pvs=21)",bio-based polymers; biomaterials; bioplastics; sustainable materials; bioeconomy; Barcelona,+34 93 5142218,,contact@artificialnature.com,"Barcelona deep-tech biomaterials and bioplastics company based at the Barcelona Science Park. Relevant to CATBIS as Catalan circular bioeconomy infrastructure: bio-based polymers, sustainable materials, zero-microplastic alternatives, agriculture applications, and industrial biomaterials innovation. Area2 set to Barcelonès because the company operates from Barcelona Science Park.",https://artificialnature.com/,
"Jesu Neoindígena ",,,ind,,,,,,,,,,,,,,,,,,reverdecer.diania@gmail.com,,RegenHub.earth/Forest Living/REPESEI,
FCAC Federació de Cooperatives Agràries de Catalunya,CATBIS,,"network/ecosystem, org",Added CATBIS: clear Catalan agricultural-cooperative ecosystem relevance. No collaboration status inferred.,"Ops in Catalunya, catalan",regional,,,Federació de Cooperatives Agràries de Catalunya is the Catalan federation representing agricultural cooperatives across Catalunya.,,,,,,"Bioeconomy, Eco Social Transition, Regeneration",,"Farmer_Support (https://app.notion.com/p/Farmer_Support-3331441510e18121891cff38c403492d?pvs=21), Collective_Ownership_Models (https://app.notion.com/p/Collective_Ownership_Models-3331441510e1811db7b2e4505cc30563?pvs=21), Network_Weaving (https://app.notion.com/p/Network_Weaving-3331441510e18111a00ac80e1492315c?pvs=21), Value_Chain_Development (https://app.notion.com/p/Value_Chain_Development-3331441510e181b0bf6efa361478dbf2?pvs=21), Regenerative_Agriculture (https://app.notion.com/p/Regenerative_Agriculture-3331441510e181a3a4c8d5e5948fe526?pvs=21)",agricultural cooperatives; farmer organizations; agri-food systems; cooperative federation; Catalunya; rural economy,,,,"Catalan federation of agricultural cooperatives. Relevant to CATBIS as agri-food and cooperative ecosystem infrastructure for farmer organizations, rural development, food-system transition, value chains, and bioeconomy in Catalunya.",https://www.cooperativesagraries.cat,
Opcions,,,org,,,,,,,,,,,,,,,,,,,,https://opcions.org/,
"ETIM ",,,org,,,,,,,,,,,,,,,,,,,,https://www.etim.cat/es/la-cooperativa/,
"Yoyo Pasieka ",,,ind,,,,,,,,,,,,,,,,,,yoyopasieka@hotmail.com,,N/a,
ECOLISE,,,org,,,,,,,,,,,,,,,,,,,,https://ecolise.eu/,
Go Zero Waste Startup,,,org,,,,,,,,,,,,,,,,,,,,https://gozerowaste.app/,
Ethsi Ethical and Solidarity Based Insurance,,,,,,,,,,,,,,,,,,,,,,,https://ethsi.net/,
4Bluetech,CATBIS,"Circular, Energy",org,,"Ops in Catalunya, catalan",regional,,,"4BlueTech is a Barcelona-born climate-tech startup developing modular CO₂ / emissions-capture and traceability systems. Its work links carbon capture, air-quality monitoring, circular capture-to-use pathways, and emissions-compensation models.",,,,,,"Bioeconomy, Eco Social Transition",,"Services & Infrastructure (https://app.notion.com/p/Services-Infrastructure-3331441510e18193a321cb34b431013f?pvs=21), Materials_Transformation (https://app.notion.com/p/Materials_Transformation-3331441510e181788e3ad7ffb8a2be05?pvs=21), Formal_Scientific_Process (https://app.notion.com/p/Formal_Scientific_Process-3331441510e181298bb3ee02c9dad9da?pvs=21), Result_Based_Mechanisms (https://app.notion.com/p/Result_Based_Mechanisms-3371441510e180f0a6d2dfce8ad76f4b?pvs=21), Knowledge_Artefacts (https://app.notion.com/p/Knowledge_Artefacts-3331441510e181af8b5ac77d9bd2ab97?pvs=21)",carbon capture; climate tech; air cleaning; circular use; microalgae; emissions measurement; carbon compensation,,,,"Barcelona-born climate/cleantech startup developing modular CO₂ / emissions capture and traceability systems, with circular capture-to-use pathways and ACCIÓ-supported patent work. Relevant to CATBIS as Catalan climate-tech infrastructure at the intersection of energy transition, circular economy, carbon capture, and possible bioeconomy/microalgae pathways.",https://www.4bluetech.com/,
Riccardo Pavesi,,,ind,,,,,,,,,,,,,,,,,,r.pavesi.wrd@gmail.com,,https://soulfoodforestfarms.it/,
Tech Bloc4,,,org,,,,,,,,,,,,,,,,,,,,https://linktr.ee/techblocbcn4?fbclid=PAQ0xDSwLSKoRleHRuA2FlbQIxMQABp8xAzNCmfEDSHV17MTmxiIunBM8hlZxxBdoxrjK3HewNKKkrW70CMgNi0n1X_aem_e1X8OMZppX3wq1WjfdHMGg,
Coop Halal,CATBIS,,org,"Added CATBIS with confirmation flag: clear Catalan ethical/cooperative finance relevance, but specific regenerative role should be checked.","Ops in Catalunya, Ops in Spain, catalan",regional,,,"Barcelona-based Islamic financial services cooperative offering ethical, interest-free financial services and financing for individuals and businesses.",,,,,,"Eco Social Transition, Impact Investing",,"Alternative Finance (https://app.notion.com/p/Alternative-Finance-3331441510e1818f9c0defb3e55bef58?pvs=21), Collective_Ownership_Models (https://app.notion.com/p/Collective_Ownership_Models-3331441510e1811db7b2e4505cc30563?pvs=21), Investment_Vehicles (https://app.notion.com/p/Investment_Vehicles-3331441510e1819da547e4c9865b3be1?pvs=21), Structuring_and_Capitalization (https://app.notion.com/p/Structuring_and_Capitalization-3331441510e181ca9fbeeaf2171d3045?pvs=21)",ethical finance; Islamic finance; cooperative finance,+34 931 86 78 74,,info@coophalal.eu,"Barcelona-based Islamic financial services cooperative offering ethical, interest-free finance for individuals and businesses. Relevant to CATBIS as Catalan cooperative/alternative finance infrastructure connected to social economy, financial inclusion, and values-aligned economic transition.",https://coophalal.eu/,
TIC Salut Social,,,"org, public body",,,,,,,,,,,,,,,,,,,,https://ticsalutsocial.cat/en/,
Jordi Rojas,,,ind,,,,,,,,,,,,,,,,,,,,,
YPlasma,,,org,,,,,,,,,,,,,,,,,,,,https://yplasma.tech/,
ARCA — Associació d'Iniciatives Rurals i Marítimes de Catalunya,CATBIS,"Ecosystems, Food, Social, Water","network/ecosystem, org",Possible duplicate should be checked later only if another fuller ARCA row appears; no duplicate confirmed in this batch.,"Ops in Catalunya, catalan",regional,,,"ARCA is the Catalan regional network for rural and maritime development. It supports and represents 11 Local Action Groups and 5 Fisheries Local Action Groups, helping rural and coastal territories create better livelihoods and opportunities.",,,,,,"Bioeconomy, Eco Social Transition",,"Governance_Bodies (https://app.notion.com/p/Governance_Bodies-3331441510e181688959d5e2a5457fc6?pvs=21), Network_Weaving (https://app.notion.com/p/Network_Weaving-3331441510e18111a00ac80e1492315c?pvs=21), Participatory_Planning_and_Strategies (https://app.notion.com/p/Participatory_Planning_and_Strategies-3331441510e181b09adbd91296317ceb?pvs=21), Political_Advocacy (https://app.notion.com/p/Political_Advocacy-3331441510e1812880fdd8d661966799?pvs=21), Water_Management (https://app.notion.com/p/Water_Management-3331441510e181288124c49fd649d9ba?pvs=21)",rural development; maritime development; local action groups; fisheries local action groups; LEADER; territorial development; Catalunya,,,,"Catalan rural and maritime development network. Relevant to CATBIS as territorial infrastructure for rural development, maritime transition, LEADER-type programs, fisheries local action groups, local opportunity-building, and ecosystem coordination across Catalunya. Strong cross-cutting fit for food systems, coastal/maritime economies, local resilience, and social territorial development.",https://www.desenvolupamentrural.cat/,
Estabanell,,,org,,,,,,,,,,,,,,,,,,,,https://estabanell.com/particulars/es/energia/solar/,
Febea - European Federation of Ethical and Alternative Banks and Financiers,,,,,,,,,,,,,,,,,,,,,,,https://febea.org/,
"Certifydoc ",,,org,"Potential data-infrastructure relevance, but not clearly regeneration/CATBIS from row context.","Ops in Catalunya, Ops in Europe, catalan",,,,"Barcelona-based legaltech / data-certification service providing secure certification, timestamping, and legal validity for digital documents, blockchain data, media, and complex data chains across the EU.",,,,,,,,,legaltech; blockchain; data certification; digital identity; EBSI,,,,,https://www.certifydoc.eu/,
Gabriel and Hanne,,,ind,,,,,,,,,,,,,,,,,,,,,
BiorNe Permacultura Catalunya y Aragón,CATBIS,,org,Added CATBIS: clear permaculture/regenerative design relevance in Catalunya/Aragón. No collaboration status inferred.,"Ops in Catalunya, Ops in Spain, catalan",regional,,,"Permaculture organization/project working across Catalunya and Aragón around permaculture education, design, and regenerative land/community practices.",,,,,,"Bioregionalism, Eco Social Transition, Regeneration",,"Regenerative_Agriculture (https://app.notion.com/p/Regenerative_Agriculture-3331441510e181a3a4c8d5e5948fe526?pvs=21), Learning_Programs (https://app.notion.com/p/Learning_Programs-3331441510e181f48fccd81f52b7a58f?pvs=21), Demonstrator_Site (https://app.notion.com/p/Demonstrator_Site-3331441510e181008114ef47089f4baa?pvs=21), Peer_Learning (https://app.notion.com/p/Peer_Learning-3331441510e1811fa2ebc276ab53a2f6?pvs=21), Cultural_Hub_or_Learning_Center (https://app.notion.com/p/Cultural_Hub_or_Learning_Center-3331441510e18163bf4ce6a952135f8c?pvs=21)",permaculture; regenerative design; agroecology,,,,"Permaculture organization working across Catalunya and Aragón on permaculture education, design, and regenerative land/community practices. Relevant to CATBIS as a Catalunya-facing node for regenerative design, agroecology, permaculture learning, and bioregional rural/land practices.",https://www.biornepermacultura.org/,
De Bat a Bat,,,,,,,,,,,,,,,,,,,,,,,,
Cactus,,,org,,"Ops in Catalunya, catalan",,,,"Barcelona-based engineering company developing IoT, hardware, firmware, cloud, AI, and edge-to-cloud technology solutions for sectors including smart cities, energy, healthcare, agriculture, and industry.",,,,,,Eco Social Transition,,,IoT; engineering; smart cities; energy management; AI,,,,,https://cactusiot.com/en,
Mariló Fundició,,,ind,,,,,,,,,,,,,,,,,,marilo@lafundicio.net,,,
Regeneracio' XYZ,CATBIS,,org,"Added CATBIS with strong review flags: likely Catalunya/regeneration relevance, but current source is Instagram only and needs confirmation.","Ops in Catalunya, catalan",regional,,,Regeneració XYZ appears to be a Catalunya-facing regenerative project or initiative currently referenced through Instagram.,,,,,,Regeneration,,"Ecosystem Regeneration (https://app.notion.com/p/Ecosystem-Regeneration-3331441510e1816d83f1e6eb4734ef50?pvs=21), Network_Weaving (https://app.notion.com/p/Network_Weaving-3331441510e18111a00ac80e1492315c?pvs=21)",regeneration; Catalunya; source check needed,,,regeneracioxyz@gmail.com,"Potential Catalunya-based regenerative initiative. Relevant to CATBIS if confirmed because the name/source suggest regenerative activity in Catalunya, but the current CRM evidence is too thin for confident classification.",https://www.instagram.com/regeneracio.xyz/,
Tres Cadires,,,org,,,,,,,,,,,,,,,,,,,,https://trescadires.cat/qui-som/,
Suculenta,,,,,,,,,,,,,,,,,,,,,suculentalh@gmail.com,,,
Fiare Banca Etica,,,org,,,,,,,,,,,,,,,,,,,,https://www.fiarebancaetica.coop/,
XES Xarxa d’Economia Solidaria de Catalunya,,,org,,,,,,,,,,,,,,,,,,,,https://xes.cat/,
Amsterdam Doughnut Coalition,,,org,"Added CATBIS with confirmation flag: useful transition-method reference, but Catalunya-specific relevance is indirect.",Ops in Europe,regional,,,"Network of changemakers in Amsterdam using Doughnut Economics to connect local initiatives, make collective efforts visible, and help the region move toward a fair social foundation within ecological limits.",,,,,,"Eco Social Transition, Regeneration",,"Doughnut_Assessment (https://app.notion.com/p/Doughnut_Assessment-3331441510e181ababd6f63ffc463c59?pvs=21), Network_Weaving (https://app.notion.com/p/Network_Weaving-3331441510e18111a00ac80e1492315c?pvs=21), Participatory_Planning_and_Strategies (https://app.notion.com/p/Participatory_Planning_and_Strategies-3331441510e181b09adbd91296317ceb?pvs=21), Socioeconomic_Indicators (https://app.notion.com/p/Socioeconomic_Indicators-3331441510e18157a612f3f5a0403f09?pvs=21), Systems_and_Resource_Mapping (https://app.notion.com/p/Systems_and_Resource_Mapping-3331441510e1817db512f22616e77166?pvs=21)",Doughnut Economics; place-based transition; social foundation; ecological limits; network weaving; Amsterdam,,,,"Amsterdam changemaker network using Doughnut Economics to connect local initiatives, visualize collective efforts, and support a fair social foundation within ecological limits. Relevant to CATBIS as a European reference for place-based transition, doughnut assessment, network weaving, and ecological/social threshold thinking, though not Catalunya-specific.",https://amsterdamdonutcoalitie.nl/,
Xavi,,,ind,,,,,,,,,,,,,,,,,,,,,
La Collectiva - Ateneu Cooperatiu Hospitalet,,,"org, public body",,,,,,,,,,,,,,,,,,,,,
XES Sant Andreu,,,org,,,,,,,,,,,,,,,,,,,,https://xes.cat/sant-andreu,
UpperMoor,,,org,,,,,,,,,,,,,,,,,,,,https://uppermoor.nl/,
Conservation Careers,,,org,"Useful conservation-sector resource, but no Catalunya-specific regeneration link in the row; CATBIS not added.",international,,,,"Global conservation careers platform and job board providing conservation jobs, training, courses, volunteering, funding opportunities, and career resources.",,,,,,Regeneration,,,conservation; biodiversity; careers; training,,,,,https://www.conservation-careers.com/,
Inartem Coop,,,org,,,,,,,,,,,,,,,,,,,,https://www.inartem.coop/es,
La Bassa Mar,,,org,,,,,,,,,,,,,,,,,,,,https://bassa-mar.org/en/,
Granja del Tilo,,,org,,,,,,,,,,,,,,,,,,,,https://lagranjadeltillo.com/,
Civic Energy,CATBIS,,org,"Ontology relation filled for civic/community renewable energy, commons governance, collective ownership, network weaving and participatory planning.","Ops in Catalunya, catalan",regional,,,Catalan service supporting the creation and management of citizen / community energy communities through all phases of development and operation.,,,,,,Eco Social Transition,,"Renewable_Energy (https://app.notion.com/p/Renewable_Energy-3331441510e181f58896c3f08d1d6ee6?pvs=21), Commons_Governance_Protocols (https://app.notion.com/p/Commons_Governance_Protocols-3331441510e181019702eb428e0a8448?pvs=21), Collective_Ownership_Models (https://app.notion.com/p/Collective_Ownership_Models-3331441510e1811db7b2e4505cc30563?pvs=21), Network_Weaving (https://app.notion.com/p/Network_Weaving-3331441510e18111a00ac80e1492315c?pvs=21), Participatory_Planning_and_Strategies (https://app.notion.com/p/Participatory_Planning_and_Strategies-3331441510e181b09adbd91296317ceb?pvs=21)",energy communities; civic energy; renewable energy; energy democracy; community energy; Catalunya,,,info@civicenergy.cat,"Catalan service provider for creating and managing citizen/community energy communities. Relevant to CATBIS as operational support infrastructure for local renewable energy, civic energy, energy democracy, and territorial energy transition.",https://civicenergy.cat/,
Anne-Marie George,,,ind,Moved LinkedIn URL from Website to LinkedIn. No additional context available in CRM row.,,,,,,,,,,https://www.linkedin.com/in/annemarienataliegeorge/?originalSubdomain=uk,,,,,,,,,,
La Brostada,,,org,,,,,,,,,,,,,,,,,,,,https://www.labrostada.cat/,
Salvem l’Alzina,,,,,,,,,,,,,,,,,,,,,,,https://www.instagram.com/salvem_lalzina,
Zertifier,,,org,,,,,,,,,,,,,,,,,,,,https://zertifier.com/,
Vegga Digital,,,org,,,,,,,,,,,,,,,,,,,,https://veggadigital.com/,
De Ceuvel,CATBIS,,"org, space","Added CATBIS with confirmation flag: strong circular urbanism/demonstrator-site reference, but Catalunya-specific relevance is indirect.",Ops in Europe,regional,,,"Amsterdam circular-economy and creative workspace / urban experiment on a former shipyard, combining sustainable offices, cultural activity, clean-tech pilots, and community space.",,,,,,"Eco Social Transition, Regeneration",,"Materials_Transformation (https://app.notion.com/p/Materials_Transformation-3331441510e181788e3ad7ffb8a2be05?pvs=21), Demonstrator_Site (https://app.notion.com/p/Demonstrator_Site-3331441510e181008114ef47089f4baa?pvs=21), Cultural_Hub_or_Learning_Center (https://app.notion.com/p/Cultural_Hub_or_Learning_Center-3331441510e18163bf4ce6a952135f8c?pvs=21), Construction_and_Infrastructure (https://app.notion.com/p/Construction_and_Infrastructure-3331441510e1817dad9bdcf168000c8f?pvs=21), Network_Weaving (https://app.notion.com/p/Network_Weaving-3331441510e18111a00ac80e1492315c?pvs=21)",circular economy; sustainable urbanism; creative workspace; clean-tech,,,,"Amsterdam circular-economy workspace and urban experiment on a former shipyard, combining sustainable offices, cultural activity, clean-tech pilots, and community space. Relevant to CATBIS as a European reference for circular urbanism, demonstrator sites, creative/ecological hubs, and regenerative urban transition, though not Catalunya-specific.",https://deceuvel.nl/en/,
Radical Civics,,,,,,,,,,,,,,,,,,,,,,,https://radiclecivics.cc,
Toon Maassen,,,ind,,,,,,,,,,,,,,,,,,,,https://www.linkedin.com/in/toonmaassen/,
Viro AI,,,org,,,,,,,,,,,,,,,,,,,,https://ai.viro.app/,
Anigami,CATBIS,"Ecosystems, Social",org,,"Ops in Catalunya, catalan","Osona, regional",,,"Anigami is a Catalan nature-experience organisation active in outdoor education, adventure, forest bathing, and nature-connection activities, with activities including Collsacabra / Osona.",,,,,,"Eco Social Transition, Regeneration",,"Visitor_Experiences (https://app.notion.com/p/Visitor_Experiences-3331441510e18183bed0e44473df1b34?pvs=21), Learning_Programs (https://app.notion.com/p/Learning_Programs-3331441510e181f48fccd81f52b7a58f?pvs=21), Cultural_Hub_or_Learning_Center (https://app.notion.com/p/Cultural_Hub_or_Learning_Center-3331441510e18163bf4ce6a952135f8c?pvs=21), Demonstrator_Site (https://app.notion.com/p/Demonstrator_Site-3331441510e181008114ef47089f4baa?pvs=21)",nature-based activities; rural regeneration; forest bathing; ecological education; nature connection; Catalunya,,,,"Catalan nature-activity and environmental education actor. Relevant to CATBIS through nature connection, ecological education, forest bathing, rural/nature-based experiences, and community wellbeing. Area2 set to Osona because available activity evidence points to Collsacabra / l’Esquirol; broader Catalunya scope remains possible.",https://www.anigami.cat/,
Cevco,CATBIS,,"network/ecosystem, org","Added CATBIS with confirmation flag: strong circular/regenerative regional-development reference, but Catalunya-specific relevance is indirect.",international,regional,,,"Not-for-profit cooperative advocating and sharing knowledge around circular economy villages and regenerative regional development, especially in Australia.",,,,,,"Bioeconomy, Eco Social Transition, Regeneration",,"Materials_Transformation (https://app.notion.com/p/Materials_Transformation-3331441510e181788e3ad7ffb8a2be05?pvs=21), Network_Weaving (https://app.notion.com/p/Network_Weaving-3331441510e18111a00ac80e1492315c?pvs=21), Participatory_Planning_and_Strategies (https://app.notion.com/p/Participatory_Planning_and_Strategies-3331441510e181b09adbd91296317ceb?pvs=21), Community_Housing (https://app.notion.com/p/Community_Housing-3331441510e181cb8a1bc39f7c948f3b?pvs=21), Cultural_Hub_or_Learning_Center (https://app.notion.com/p/Cultural_Hub_or_Learning_Center-3331441510e18163bf4ce6a952135f8c?pvs=21)",circular economy; regenerative development; villages; regional development,,,,"Not-for-profit cooperative advocating and sharing knowledge around circular economy villages and regenerative regional development. Relevant to CATBIS as an international reference for circular settlements, cooperative regional development, and regenerative village models, though not Catalunya-specific.",https://www.cevco.life/,
Jakub Lanc,,,ind,,,,,,,,,,,,,,,,,,,,,
Dagan Cohen,,,ind,,,,,,,,,,,,,,,,,,,,https://www.linkedin.com/in/dagancohen/?originalSubdomain=nl,
IAEDEN Salvem l’Empordà,,,org,,,,,,,,,,,,,,,,,,,,https://iaeden.cat/,
SMUC Scaling Material Urban Commons,,,,,,,,,,,,,,,,,,,,,,,https://smuc.kitchen/,
Irina Panovich,,,,,,,,,,,,,,,,,,,,,,,https://www.linkedin.com/in/irinapanovich/,
Afrikaander Cooperative,,,org,,,,,,"Afrikaander Cooperative (Rotterdam) appears to be a neighborhood cooperative model focused on local community economy and shared services. This entry needs website verification to confirm exact programs, but it likely supports resident-led initiatives, mutual aid, and local enterprise development in the Afrikaanderwijk area.",,,,,,,,"Community Governance (https://app.notion.com/p/Community-Governance-3331441510e18140bdbaddbb869636fc?pvs=21), Commons_Governance_Protocols (https://app.notion.com/p/Commons_Governance_Protocols-3331441510e181019702eb428e0a8448?pvs=21), Community_Housing (https://app.notion.com/p/Community_Housing-3331441510e181cb8a1bc39f7c948f3b?pvs=21), Network_Weaving (https://app.notion.com/p/Network_Weaving-3331441510e18111a00ac80e1492315c?pvs=21)",,,,,,https://www.wijkcooperatie.org/en/about_us/,
Sarah Barns,,,ind,,,,,,,,,,,,,,,,,,,,https://sarahbarns.me/,
Mixite',,,,,,,,,,,,,,,,,,,,,,,,
Design Neighborhoods Studio,,,org,,,,,,,,,,,,,,,,,,,,,
Ledger Loops,,,,,,,,,,,,,,,,,,,,,,,https://ledgerloops.com/,
Andrea Farias,,,ind,No additional context available in CRM row. Kept as individual contact; no online research needed for this individual.,,,,,,,,,,,,,,,,,,,,
Laurel,,,org,,,,,,,,,,,,,,,,,,economiassilvestres@gmail.com,,https://www.instagram.com/laurel31_economiassilvestres/?hl=es,
Gijs van Maanen,,,ind,,,,,,,,,,,,,,,,,,,,https://www.linkedin.com/in/maanenvangijs/,
Oscar Gussyner,,,,,,,,,,,,,,,,,,,,,,,,
Fatima Zohra,,,,,,,,,,,,,,,,,,,,,fatima1sara@gmail.com,,,
La Marmita,,,,,,,,,,,,,,,,,,,,,,,,
AnaWin / TACTIC,CATBIS,"Circular, Food",org,,"Ops in Catalunya, catalan","Mediterranean Dry Interior, Terra Alta",,,"AnaWin / TACTIC is a Terra Alta-based agri-food software company building tools for vineyard, winery, traceability, compliance, and agricultural management.",,,,,https://www.linkedin.com/company/terra-alta-consultoria/,"Bioeconomy, Eco Social Transition",,"Knowledge_Artefacts (https://app.notion.com/p/Knowledge_Artefacts-3331441510e181af8b5ac77d9bd2ab97?pvs=21), Value_Chain_Development (https://app.notion.com/p/Value_Chain_Development-3331441510e181b0bf6efa361478dbf2?pvs=21), Farmer_Support (https://app.notion.com/p/Farmer_Support-3331441510e18121891cff38c403492d?pvs=21), Regional_Sourcing (https://app.notion.com/p/Regional_Sourcing-3331441510e181fa86cfe532fb8c7876?pvs=21)",agritech; wine sector; vineyard management; traceability; agri-food systems; Terra Alta; Catalunya,,,info@tacticterraalta.com,"Catalan agritech and wine-sector software company based in Batea, Terra Alta. Relevant to CATBIS as digital infrastructure for viticulture, traceability, agri-food management, and compliance in a Catalan bioeconomy sector. Regenerative relevance is indirect but acceptable as agri-food / territorial productive infrastructure.",https://anawin.wine/,
"Montse Gabaldà ",,,,,,,,,,,,,,,,,,,,,,,,
Sergi Selvas,,,,,,,,,,,,,,,,,,,,,,,,
PlataformESS,,,,,,,,,,,,,,,,,,,,,,,https://plataformess.org/,
Nadia - Olla,,,,,,,,,,,,,,,,,,,,,Aqui.nad@gmail.com,,,
Collective Abundance,CATBIS,,"funder, network/ecosystem, org","Added CATBIS with confirmation flag: strong climate justice / participatory funding relevance, but Catalunya-specific link should be confirmed.",Ops in Europe,regional,,,European climate-justice movement-building initiative using philanthropic funding and participatory regranting to strengthen grassroots and frontline climate justice ecosystems.,,,,,,"Eco Social Transition, Impact Investing, Regeneration",,"Grants_Programs (https://app.notion.com/p/Grants_Programs-3331441510e18166b8a7ffb8c528af98?pvs=21), Network_Weaving (https://app.notion.com/p/Network_Weaving-3331441510e18111a00ac80e1492315c?pvs=21), Political_Advocacy (https://app.notion.com/p/Political_Advocacy-3331441510e1812880fdd8d661966799?pvs=21), Alternative Finance (https://app.notion.com/p/Alternative-Finance-3331441510e1818f9c0defb3e55bef58?pvs=21), Participatory_Planning_and_Strategies (https://app.notion.com/p/Participatory_Planning_and_Strategies-3331441510e181b09adbd91296317ceb?pvs=21)",climate justice; philanthropy; movement building; participatory funding,,,,"European climate-justice movement-building and participatory funding initiative strengthening grassroots/frontline ecosystems. Relevant to CATBIS as climate-justice and alternative-finance infrastructure for movement capacity, regranting, and ecosocial transition across Europe, with possible relevance for Catalan grassroots climate ecosystems.",https://www.collectiveabundance.org/,
Julia Barashkov,,,ind,,,,,,,,,,,,,,,,,,,,https://linktr.ee/Julia_barashkov,
I Love PDF,,,,,,,,,,,,,,,,,,,,,,,,
"Maria Elena - Top Manta contact ",,,ind,,,,,,,,,,,,,,,,,,convocatorias@manteros.org,,,
Martin Born,,,ind,,,,,,,,,,,,,,,,,,,,,
CoopGeeni,CATBIS,,org,"Ontology relation filled for cooperative housing, construction/infrastructure, renewable energy, collective ownership and commons governance.","Ops in Catalunya, catalan",regional,,,"Catalan integral cooperative for services, housing, and consumption, supporting dignified, healthy, sustainable housing, energy renovation, and local energy communities.",,,,,,Eco Social Transition,,"Community_Housing (https://app.notion.com/p/Community_Housing-3331441510e181cb8a1bc39f7c948f3b?pvs=21), Construction_and_Infrastructure (https://app.notion.com/p/Construction_and_Infrastructure-3331441510e1817dad9bdcf168000c8f?pvs=21), Renewable_Energy (https://app.notion.com/p/Renewable_Energy-3331441510e181f58896c3f08d1d6ee6?pvs=21), Collective_Ownership_Models (https://app.notion.com/p/Collective_Ownership_Models-3331441510e1811db7b2e4505cc30563?pvs=21), Commons_Governance_Protocols (https://app.notion.com/p/Commons_Governance_Protocols-3331441510e181019702eb428e0a8448?pvs=21)",cooperative housing; energy renovation; local energy communities; sustainable housing; building decarbonisation; ESS,,,,"Catalan cooperative linking housing, energy renovation, and local energy communities. Relevant to CATBIS as practical social-economy infrastructure for sustainable housing, building decarbonisation, cooperative ownership models, and energy sovereignty in Catalunya.",https://coopgeeni.es/,
Alexandre Coop Geni,,,ind,"Needs review: name looks like Alexandre plus possible organization/context Coop Geni, but no website, email, LinkedIn, or body notes are available. Kept as individual (ind). Consider creating/linking a separate Coop Geni organization row if this is an affiliation.",,,,,"Individual contact apparently connected to Coop Geni. Insufficient information available to identify full name, role, or organization relationship confidently.",,,,,,,,,,,,,,,
Insta,,,,,,,,,,,,,,,,,,,,,,,https://instajuridic.com/,
"Km0 ",,,,,,,,,,,,,,,,,,,,,,,https://km0.cat/,
Les Juntes,,,org,,,,,,,,,,,,,,,,,,hola@lesjuntes.coop,,,
Asociación CDRO,,,org,"Added CATBIS with confirmation flag: strong rural/agroecological community-systems reference, but Catalunya-specific relevance is indirect.",international,regional,,,"Guatemalan rural development association supporting community-led integral development in western Guatemala, with environmental, agroecological, cooperative, and community systems work.",,,,,,"Eco Social Transition, Regeneration",,"Regenerative_Agriculture (https://app.notion.com/p/Regenerative_Agriculture-3331441510e181a3a4c8d5e5948fe526?pvs=21), Farmer_Support (https://app.notion.com/p/Farmer_Support-3331441510e18121891cff38c403492d?pvs=21), Network_Weaving (https://app.notion.com/p/Network_Weaving-3331441510e18111a00ac80e1492315c?pvs=21), Governance_Bodies (https://app.notion.com/p/Governance_Bodies-3331441510e181688959d5e2a5457fc6?pvs=21), Community_Food_Access (https://app.notion.com/p/Community_Food_Access-3331441510e1817daf1efe81df7ef31c?pvs=21)",community-led development; rural development; agroecology; cooperatives; Guatemala; environmental work,(502) 7790-8600,,cdro@asociacioncdro.org.gt,"Guatemalan rural development association supporting community-led integral development, agroecology, cooperative organization, environmental work, and local systems in western Guatemala. Relevant to CATBIS as an international reference for community-led rural development and agroecological/community systems, though not Catalunya-specific.",https://asociacioncdro.org.gt/,
Observatori DESCA,,,org,,,,,,,,,,,,,,,,,,,,https://observatoriodesc.org/es,
Som Nuvol,,,,,,,,,,,,,,,,,,,,,,,https://somnuvol.coop/,
Jeff Emmett,,,ind,,,,,,,,,,,,,,,,,,,,,
"André van der Veer ",,,ind,"Moved LinkedIn URL from Website to LinkedIn. Existing context: Timebank NL, Uppermore. Name may need review: URL says van der Veen, while CRM title says van der Veer.",,,,,Individual contact connected to Timebank NL / Uppermore.,,,,,https://www.linkedin.com/in/andr%C3%A9-van-der-veen-8623277/?originalSubdomain=nl,,,,,,,,,,
La Marmita,,,org,,,,,,,,,,,,,,,,,,,,,
FINANCOOP,,,org,,,,,,,,,,,,,,,,,,,,https://financoop.net/,
WECF Women Engaged for a Common Future,,,org,,,,,,,,,,,,,,,,,,,,https://www.wecf.org/,
"Maarten Lens-Fitzgerald ",,,ind,,,,,,,,,,,,,,,,,,,,,
Grace Rachmany,,,ind,,,,,,,,,,,,,,,,,,,,,
Storybox,,,org,,,,,,,,,,,,,,,,,,,,https://www.storybox.co/,
Michiel de Jong,,,ind,,,,,,,,,,,,,,,,,,,,,
Sophie Bloemen,,,ind,,,,,,,,,,,,,,,,,,,,https://www.linkedin.com/in/sophie-bloemen-33b4645/,
Viktor Bedö,,,ind,,,,,,,,,,,,,,,,,,,,https://www.linkedin.com/in/viktorbed%C3%B6/,
Giulio Quarta,,,ind,,,,,,,,,,,,,,,,,,,,,
Eurecat,,,org,,,,,,,,,,,,,,,,,,,,https://eurecat.org/es/eurecat/,
Commons Network,,,,,,,,,,,,,,,,,,,,,,,,
Yulia Tikhomirova,,,ind,,,,,,,,,,,,,,,,,,,,https://www.linkedin.com/in/juliatikhomirova/,
Sarah Featherston,,,ind,,,,,,,,,,,,,,,,,,sfeather25@gmail.com,,https://www.linkedin.com/in/sarafeatherston/,
Disco Coop,,,,,,,,,,,,,,,,,,,,,,,https://www.disco.coop/,
BitLab,,,,,,,,,,,,,,,,,,,,,,,https://www.bitlab.cat/,
Cool Earth,CATBIS,,org,"Added CATBIS with confirmation flag: strong ecosystem/climate justice reference, but Catalunya-specific relevance is indirect.",international,regional,,,International NGO supporting Indigenous peoples and local communities to protect rainforests and fight the climate crisis through direct community support.,,,,,,"Eco Social Transition, Regeneration",,"Habitat_Connectivity (https://app.notion.com/p/Habitat_Connectivity-3331441510e18102979cd784e7b26d42?pvs=21), Traditional_Ecological_Knowledge (https://app.notion.com/p/Traditional_Ecological_Knowledge-3331441510e181259b3ad2370358bb34?pvs=21), Network_Weaving (https://app.notion.com/p/Network_Weaving-3331441510e18111a00ac80e1492315c?pvs=21), Political_Advocacy (https://app.notion.com/p/Political_Advocacy-3331441510e1812880fdd8d661966799?pvs=21), Disaster_Relief (https://app.notion.com/p/Disaster_Relief-3331441510e18149b089ef7e0361ad69?pvs=21)",rainforest protection; Indigenous communities; climate justice; conservation,,,,"International NGO supporting Indigenous peoples and local communities to protect rainforests and respond to the climate crisis through direct community support. Relevant to CATBIS as a reference for community-led ecosystem protection, climate justice, Indigenous stewardship, and conservation finance/support, though not Catalunya-specific.",https://www.coolearth.org/,
Víctor Jiménez Sánchez,,,ind,,,,,,,,,,,,,,,,,,victor.jimenez@bitlab.cat,,,
Codec,,,,,,,,,,,,,,,,,,,,,,,,
ICF Institut Catalan de Finances,,,"org, public body",,,,,,,,,,,,,,,,,,,,https://www.icf.cat/ca,
Mosaic,,,org,,,,,,,,,,,,,,,,,,,,https://mosaic.coop/,
XCN Xarxa per a la Conservació de la Natura,,,org,,,,,,,,,,,,,,,,,,,,https://xcn.cat/,
ILTIR Hub,,,,,,,,,,,,,,,,,,,,,,,https://balkar.earth/iltirhub/,
Woman x,,,ind,,,,,,,,,,,,,,,,,,,,,
Coopdevs,CATBIS,,org,Added CATBIS: clear Catalan open-cooperative / digital commons relevance. No collaboration status inferred.,"Ops in Catalunya, catalan",regional,,,"Barcelona open cooperative developing free/open-source software and digital tools for cooperatives, social and solidarity economy projects, and digital commons.",,,,,,Eco Social Transition,,"Collective_Ownership_Models (https://app.notion.com/p/Collective_Ownership_Models-3331441510e1811db7b2e4505cc30563?pvs=21), Commons_Governance_Protocols (https://app.notion.com/p/Commons_Governance_Protocols-3331441510e181019702eb428e0a8448?pvs=21), Knowledge_Artefacts (https://app.notion.com/p/Knowledge_Artefacts-3331441510e181af8b5ac77d9bd2ab97?pvs=21), Network_Weaving (https://app.notion.com/p/Network_Weaving-3331441510e18111a00ac80e1492315c?pvs=21), Cultural_Hub_or_Learning_Center (https://app.notion.com/p/Cultural_Hub_or_Learning_Center-3331441510e18163bf4ce6a952135f8c?pvs=21)",open source; open cooperativism; platform cooperativism; digital commons; software,,,,"Barcelona open cooperative developing free/open-source software and digital tools for cooperatives, social and solidarity economy projects, and digital commons. Relevant to CATBIS as digital commons and cooperative technology infrastructure for ecosocial transition and social-economy capacity in Catalunya.",https://coopdevs.org/,
GRUP ECOS SOM,,,org,,,,,,,,,,,,,,,,,,,,https://grupecos.coop/,
Mujeres unidas entre tierras (MUET),,,org,,,,,,,,,,,,,,,,,,,,https://mujeresunidasentretierras.org/,
Codi Cooperatiu,CATBIS,,org,"Added CATBIS with confirmation flag: strong cooperative/digital infrastructure relevance, but specific regenerative role should be checked.","Ops in Catalunya, catalan",regional,,,"Barcelona-based nonprofit technology cooperative developing custom web applications, integrations, APIs, dashboards, and digital tools with a cooperative approach.",,,,,,Eco Social Transition,,"Collective_Ownership_Models (https://app.notion.com/p/Collective_Ownership_Models-3331441510e1811db7b2e4505cc30563?pvs=21), Commons_Governance_Protocols (https://app.notion.com/p/Commons_Governance_Protocols-3331441510e181019702eb428e0a8448?pvs=21), Knowledge_Artefacts (https://app.notion.com/p/Knowledge_Artefacts-3331441510e181af8b5ac77d9bd2ab97?pvs=21), Network_Weaving (https://app.notion.com/p/Network_Weaving-3331441510e18111a00ac80e1492315c?pvs=21)",technology cooperative; software development; digital tools,,,hola@codi.coop,"Barcelona nonprofit technology cooperative developing web applications, APIs, dashboards, integrations, and digital tools with a cooperative approach. Relevant to CATBIS as digital/social-economy infrastructure for cooperatives, commons-oriented organizations, and ecosocial transition capacity in Catalunya.",https://codi.coop/,
Generation Climate Europe,CATBIS,,"network/ecosystem, org","Added CATBIS with confirmation flag: strong European climate-justice relevance, but Catalunya-specific relation is indirect.",Ops in Europe,regional,,,Generation Climate Europe is a European coalition/network of youth-led organizations advocating for climate and environmental justice in European policy spaces.,,,,,,Eco Social Transition,,"Network_Weaving (https://app.notion.com/p/Network_Weaving-3331441510e18111a00ac80e1492315c?pvs=21), Political_Advocacy (https://app.notion.com/p/Political_Advocacy-3331441510e1812880fdd8d661966799?pvs=21), Governance_Bodies (https://app.notion.com/p/Governance_Bodies-3331441510e181688959d5e2a5457fc6?pvs=21), Participatory_Planning_and_Strategies (https://app.notion.com/p/Participatory_Planning_and_Strategies-3331441510e181b09adbd91296317ceb?pvs=21)",youth climate movement; climate justice; European policy; environmental advocacy; network weaving,,,,"European youth climate-justice network advocating for climate and environmental policy. Relevant to CATBIS as a movement/policy reference for climate justice, youth participation, and European ecosocial transition, though Catalunya-specific relevance should be confirmed.",https://gceurope.org/,
Planet Wild,,,org,,,,,,,,,,,,,,,,,,,,https://planetwild.com/,
Cuidem Amb Cor,,,org,Likely duplicate or closely related to Cuidem Amb Cor & MUET. Consider consolidating both rows once useful information is preserved.,"Ops in Catalunya, catalan",,,,"Worker cooperative linked to Mujeres Unidas Entre Tierras (MUET), providing care and domestic-work services while supporting labour regularization and better conditions for home-care workers.",,,,,,Eco Social Transition,,,care economy; worker cooperative; domestic work; social economy,,,,,https://cuidemambcor.org/,
Espai 08,,,org,,,,,,,,,,,,,,,,,,,,https://www.espaizerovuit.com/,
"Cuidem Amb Cor & MUET ",,,org,"Likely duplicate / mixed actor row with Cuidem Amb Cor. Prefer one row per actor: Cuidem Amb Cor as the cooperative, MUET as separate association if needed. Review and consolidate.","Ops in Catalunya, catalan",,,,"Combined entry for Cuidem Amb Cor and Mujeres Unidas Entre Tierras (MUET), connected to cooperative care work, migrant/women-led organizing, and community social economy in Catalunya.",,,,,,Eco Social Transition,,,care economy; migrant women; worker cooperative; social economy,,,,,https://cuidemambcor.org/,
Christina Bowen,,,ind,,,,,,,,,,,,,,,,,,christina@knowledgeecologist.me,,https://www.linkedin.com/in/christina-bowen-449a8563/,
The Foundry,,,org,,,,,,,,,,,,,,,,,,,,https://bravosfoundry.com/,
Quintus Kropholler,,,ind,,,,,,,,,,,,,,,,,,quintus@radicalvalue.agency,,https://www.linkedin.com/in/quintuskropholler/,
"Keras Buti ",,,org,,,,,,,,,,,,,,,,,,,,https://kerasbuti.org/,
Tech for Palestine,,,org,,,,,,,,,,,,,,,,,,,,https://techforpalestine.org/,
Taula d’entitats del tercer sector de Catalunya,,,public body,,,,,,,,,,,,,,,,,,,,https://www.tercersector.cat/,
Chris Harris,,,ind,,,,,,,,,,,,,,,,,,chris@cdh.bio,,https://www.linkedin.com/in/cdhbio/,
M4Social,,,org,,,,,,,,,,,,,,,,,,,,https://m4social.org/,
Dylan Tull,,,ind,,,,,,,,,,,,,,,,,,dylan@non.company,,https://www.linkedin.com/in/dylantull/,
Administracio’ Obierta de Catalunya,,,public body,,,,,,"Consortium that supports Catalan public administrations with digital transformation, e-government tools and services, transparency, citizen-facing procedures, innovation labs, and digital maturity assessment.",,,,,,,,,,,,,,https://www.aoc.cat/en/,
Kersti Ruth Wissenbach,,,ind,,,,,,,,,,,,,,,,,,kersti@cultivalab.com,,https://www.linkedin.com/in/kersti-ruth-wissenbach/,
Smart Transactions,,,,,,,,,,,,,,,,,,,,,,,https://stxn.io/,
Social Roots,,,,,,,,,,,,,,,,,,,,,,,,
Xavier Pont,,,ind,,,,,,,,,,,,,,,,,,,,https://www.linkedin.com/in/xavierpontmartin/?originalSubdomain=es,
Coopsconsum — Federació de Cooperatives de Consumidors i Usuaris de Catalunya,CATBIS,,"network/ecosystem, org",Added CATBIS: Catalan cooperative ecosystem relevance and potential food/consumption transition role. No collaboration status inferred.,"Ops in Catalunya, catalan",regional,,,"Catalan federation representing, promoting, and defending consumer cooperativism and the rights of consumer-members and users in Catalunya.",,,,,,"Bioeconomy, Eco Social Transition",,"Collective_Ownership_Models (https://app.notion.com/p/Collective_Ownership_Models-3331441510e1811db7b2e4505cc30563?pvs=21), Commons_Governance_Protocols (https://app.notion.com/p/Commons_Governance_Protocols-3331441510e181019702eb428e0a8448?pvs=21), Governance_Bodies (https://app.notion.com/p/Governance_Bodies-3331441510e181688959d5e2a5457fc6?pvs=21), Community_Food_Access (https://app.notion.com/p/Community_Food_Access-3331441510e1817daf1efe81df7ef31c?pvs=21), Network_Weaving (https://app.notion.com/p/Network_Weaving-3331441510e18111a00ac80e1492315c?pvs=21)",consumer cooperatives; social economy; cooperativism; ecological consumption,,,,"Catalan federation for consumer cooperatives and user cooperatives. Relevant to CATBIS as cooperative/social-economy infrastructure connected to ecological consumption, community food access, cooperative governance, and consumer-side food/system transition in Catalunya.",https://cooperativesdeconsum.coop/,
"Kloosiv ",,,org,Review: website did not return clear organizational content. Kloosiv.ai returned a cookie/consent page without meaningful description. Confirm organizational purpose and sector before filling Description and Ontology Tags.,,,,,,,,,,,,,,,,,,,https://kloosiv.ai/,
Venga,,,,,,,,,,,,,,,,,,,,,,,,
Platoniq,,,org,"Recent projects: Wilder Journal, Diàlegs Migrants (Migrant Constitution), Escola de Creativitat i Democràcia. Mediterranean base, international scope. Contact via website. Review: civic tech/participation focus; confirm specific relevance to ReFi BCN CRM.",,,,,"Platoniq is a Barcelona-based foundation designing participatory digital processes and civic technology to build more democratic societies. It runs programs in courageous visions, future culture, alternative finance, and democratic innovation across Spain and the Mediterranean.",,,,,,,,,"Participatory_Planning_and_Strategies, Network_Weaving, Governance_Design",,,,,https://platoniq.net/es/home/,
Sebastia,CATBIS,,org,Added CATBIS: clear Catalan forest/materials bioeconomy relevance. No collaboration status inferred.,"Ops in Catalunya, catalan",regional,,,"Sebastia is a wood construction company based in the Pyrenees (Lleida), manufacturing sustainable structural timber solutions from locally managed pine and spruce forests since 1954. It promotes bioeconomy and proximity-based forest management in Catalonia.",,,,,,"Bioeconomy, Eco Social Transition, Regeneration",,"Materials_Transformation (https://app.notion.com/p/Materials_Transformation-3331441510e181788e3ad7ffb8a2be05?pvs=21), Construction_and_Infrastructure (https://app.notion.com/p/Construction_and_Infrastructure-3331441510e1817dad9bdcf168000c8f?pvs=21), Value_Chain_Development (https://app.notion.com/p/Value_Chain_Development-3331441510e181b0bf6efa361478dbf2?pvs=21), Regional_Sourcing (https://app.notion.com/p/Regional_Sourcing-3331441510e181fa86cfe532fb8c7876?pvs=21), Ecological_Monitoring (https://app.notion.com/p/Ecological_Monitoring-3331441510e1816ba8f8c71a168a276e?pvs=21)",wood construction; sustainable timber; local forestry; bioeconomy; proximity materials; Pyrenees; Lleida,,,,"Pyrenees/Lleida wood-construction company producing sustainable structural timber from locally managed pine and spruce forests. Relevant to CATBIS as Catalan bioeconomy infrastructure connecting forest management, local materials, timber construction, proximity value chains, and regenerative built-environment transition.",https://sebastia.eu/,
Ruben’s parents,,,ind,,,,,,,,,,,,,,,,,,,,,
Permaculture Palestine,CATBIS,,"network/ecosystem, org","Added CATBIS with confirmation flag: strong permaculture/social-ecological justice relevance, but Catalunya-specific relevance is indirect.",international,regional,,,"Permaculture & Palestine is a global solidarity network of permaculturists, farmers, and activists standing with Palestine through ecological and social justice work. With 370+ members, it organizes solidarity events, supports Palestinian-led agriculture projects, and maintains working groups on seeds, communications, and direct support.",,,,,,"Eco Social Transition, Regeneration",,"Network_Weaving (https://app.notion.com/p/Network_Weaving-3331441510e18111a00ac80e1492315c?pvs=21), Disaster_Relief (https://app.notion.com/p/Disaster_Relief-3331441510e18149b089ef7e0361ad69?pvs=21), Political_Advocacy (https://app.notion.com/p/Political_Advocacy-3331441510e1812880fdd8d661966799?pvs=21), Farmer_Support (https://app.notion.com/p/Farmer_Support-3331441510e18121891cff38c403492d?pvs=21), Seeds_and_Nurseries (https://app.notion.com/p/Seeds_and_Nurseries-3331441510e1810da06fe334de5c94c3?pvs=21)","Network_Weaving, Disaster_Relief, Political_Advocacy, Farmer_Support",,,,"Global solidarity network of permaculturists, farmers, and activists supporting Palestinian-led ecological and social justice work. Relevant to CATBIS as a reference for permaculture, farmer support, disaster/solidarity response, seeds, and political ecology, though not Catalunya-specific.",https://permaculturepalestine.org/,
Quintus (Andrea),,,ind,,,,,,,,,,,,,,,,,,,,,
Ester Vidal,,,ind,,,,,,,,,,,,,,,,,,,,https://www.linkedin.com/in/estervidal/?originalSubdomain=es,
Capfoguer,,,"org, space",Social enterprise brewery in Barcelona metro area. Offers event bar services and collaborative catering. Review: interesting social enterprise model but limited direct relevance to regenerative economy; confirm fit.,,,,,"Cervesa Capfoguer is a cooperative brewery in Santa Coloma de Gramenet producing artisan beer with organic, locally-sourced ingredients. It operates La Fàbrica as a community venue for tastings, workshops, and events, supporting the social and solidarity economy.",,,,,,,,,Collective_Ownership_Models,,,,,http://www.capfoguer.cat/,
RMT Insulation,,,org,,,,,,,,,,,,,,,,,,,,https://rmtinsulation.com/en/,
Xavier Fernandez Diaz,,,ind,,,,,,,,,,,,,,,,,,,,,
Principles of Responsible Investments,,,,,,,,,,,,,,,,,,,,,,,https://www.unpri.org/,
Partners for a New Economy,,,"funder, network/ecosystem, org","European funder collaborative (MAVA, Oak, Marisla). Focus on economic systems change. Review: High strategic alignment with regenerative economy goals.",,,,,"Partners for a New Economy is an international philanthropic fund supporting systemic economic change in Europe. It funds work on wellbeing economies, green central banking, and collective power to redesign economic systems for people and nature.",,,,,,,,,"Grants_Programs, Political_Advocacy, Structuring_and_Capitalization",,,,,https://p4ne.org/,
Xavi Domenec Monte’ (blockchain pilot for agri),,,ind,,,,,,,,,,,,,,,,,,xavi@etim.cat,,,
Team,,,,,,,,,,,,,,,,,,,,,,,,
Glow Solar,,,org,,,,,,,,,,,,,,,,,,,,https://glow.org/,
Union of Agroecological Work Comunities,CATBIS,,"network/ecosystem, org","Added CATBIS with strong review flags: name suggests agroecology relevance, but no website/source is present and the entity needs confirmation.",international,regional,,,"Union of Agroecological Work Communities appears to be an agroecology / work-community network or organization, but the current row lacks source detail.",,,,,,"Bioeconomy, Eco Social Transition, Regeneration",,"Regenerative_Agriculture (https://app.notion.com/p/Regenerative_Agriculture-3331441510e181a3a4c8d5e5948fe526?pvs=21), Network_Weaving (https://app.notion.com/p/Network_Weaving-3331441510e18111a00ac80e1492315c?pvs=21), Farmer_Support (https://app.notion.com/p/Farmer_Support-3331441510e18121891cff38c403492d?pvs=21), Peer_Learning (https://app.notion.com/p/Peer_Learning-3331441510e1811fa2ebc276ab53a2f6?pvs=21)",agroecology; work communities; network; source check needed,,,,"Potential agroecological work-community network. Relevant to CATBIS if confirmed because it appears connected to agroecology, collective work, and food-system transition, but current CRM evidence is too thin for confident classification.",,
Kwanda,,,org,,,,,,,,,,,,,,,,,,,,https://kwanda.co/,
Good Ancestor Movement,,,org,,,,,,,,,,,,,,,,,,,,https://www.goodancestormovement.com/,
Team Labs,,,org,,,,,,,,,,,,,,,,,,,,https://www.teamlabs.es/,
One Project,,,org,,,,,,,,,,,,,,,,,,,,https://oneproject.org/,
Bio Hub,CATBIS,,"network/ecosystem, org","Ontology relation filled cautiously for bioeconomy theme, hub role, network weaving, venture cultivation and value-chain development. Source still needs review.","Ops in Catalunya, catalan",regional,,,"Catalan bioeconomy / bioregional innovation hub; website should be reviewed further to confirm exact structure, programs, and territorial scope.",,,,,,"Bioeconomy, Eco Social Transition, Regeneration",,"Agro-Bioeconomy (https://app.notion.com/p/Agro-Bioeconomy-3331441510e18101a15cf3113a0d0ee2?pvs=21), Cultural_Hub_or_Learning_Center (https://app.notion.com/p/Cultural_Hub_or_Learning_Center-3331441510e18163bf4ce6a952135f8c?pvs=21), Network_Weaving (https://app.notion.com/p/Network_Weaving-3331441510e18111a00ac80e1492315c?pvs=21), Venture_Cultivation (https://app.notion.com/p/Venture_Cultivation-3331441510e1810a9b93cfddfa945786?pvs=21), Value_Chain_Development (https://app.notion.com/p/Value_Chain_Development-3331441510e181b0bf6efa361478dbf2?pvs=21)",bioeconomy; bioregional innovation; Catalan ecosystem; regenerative development,,,,"Catalan bioeconomy / bioregional innovation hub candidate. Relevant to CATBIS if confirmed because it appears to connect bioeconomy, regional innovation, and Catalunya-focused regenerative/bioregional development, but source details remain insufficient.",https://biohub.cat/,
Cycles,,,org,"Potential ReFi / alternative finance relevance, but no Catalunya-specific link in the row; CATBIS not added.",international,,,,"Open clearing protocol for privacy-preserving multilateral debt clearing and settlement, aiming to reduce liquidity needs and working-capital costs using network-based payment clearing.",,,,,,Impact Investing,,,clearing protocol; mutual credit; settlement; web3; liquidity,,,,,https://cycles.money/,
European Circular Bioeconomy Fund,CATBIS,,"funder, org","Added CATBIS with confirmation flag: strong bioeconomy/finance relevance, but Catalunya-specific link is indirect.",Ops in Europe,regional,,,"European Circular Bioeconomy Fund is a venture fund focused on growth-stage companies in the circular and bio-based economy, investing in bioeconomy, biomaterials, agri-food, industrial biotechnology, and circular value-chain innovation across Europe.",,,,,,"Bioeconomy, Eco Social Transition, Impact Investing",,"Investment_Vehicles (https://app.notion.com/p/Investment_Vehicles-3331441510e1819da547e4c9865b3be1?pvs=21), Portfolio_Development (https://app.notion.com/p/Portfolio_Development-3331441510e181df8e8ff4170407af7e?pvs=21), Materials_Transformation (https://app.notion.com/p/Materials_Transformation-3331441510e181788e3ad7ffb8a2be05?pvs=21), Value_Chain_Development (https://app.notion.com/p/Value_Chain_Development-3331441510e181b0bf6efa361478dbf2?pvs=21), Agro-Bioeconomy (https://app.notion.com/p/Agro-Bioeconomy-3331441510e18101a15cf3113a0d0ee2?pvs=21)",circular bioeconomy; venture capital; biomaterials; agri-food innovation; industrial biotechnology; circular value chains; Europe,,,,"European specialist fund for the circular bioeconomy. Relevant to CATBIS as a reference funder and market-infrastructure actor for bio-based materials, circular value chains, agri-food innovation, and regenerative/circular industrial transition, though Catalunya-specific relevance should be confirmed.",https://www.ecbf.vc/,
R3.0,bioreg,,org,,,,,,,,,,,,,,,,,,,,https://www.r3-0.org/,
Ethereum Foundation,,,org,,,,,,,,,,,,,,,,,,,,https://ethereum.org/foundation/,
"Iris Brilliant ",,,ind,,,,,,,,,,,,,,,,,,,,https://www.irisbrilliant.com/,
Ben Biederman,,,ind,,,,,,,,,,,,,,,,,,,,,
Karma,,,org,,,,,,,,,,,,,,,,,,,,https://gap.karmahq.xyz/,
The Network for Social Change,,,org,,,,,,,,,,,,,,,,,,,,https://www.thenetworkforsocialchange.org.uk/,
Parastruct,,,org,,,,,,,,,,,,,,,,,,,,https://www.parastruct.org/,
Localism Fund,,,org,,,,,,,,,,,,,,,,,,,,https://www.localism.fund/,
"Palestine Institute for Biodiversity and Sustainability (PIBS) ",,,org,,,,,,,,,,,,,,,,,,,,https://www.palestinenature.org/,
"IXO ",,,org,,,,,,,,,,,,,,,,,,,,https://www.ixo.world/,
ISBE Infraestructura de Servicios Blockchain de España,,,org,,,,,,,,,,,,,,,,,,,,https://alastria.io/proyectos/isbe_infraestructura_servicios_blockchain_espana/,
Ma Earth,bioreg,,org,,,,,,,,,,,,,,,,,,,,https://maearth.com/,
Sic4Change,,,org,,,,,,,,,,,,,,,,,,,,https://m4social.org/,
Bread Cooperative,,,"network/ecosystem, org","Bread Cooperative uses technology and web3/decentralized finance tools for mutual aid and community-controlled solidarity funding. Relevant to ReFi / solidarity finance, but no Catalunya-specific link is clear. Possible ORSH candidate if strategically useful; left 2NDTAG unfilled pending confirmation.",international,,,,"Worker-owned web3 collective building solidarity finance tools, including the Bread Solidarity Fund and services through Sourdough Systems.",,,,,,"Eco Social Transition, Impact Investing",,,solidarity finance; web3; mutual aid; cooperative; DeFi,,,,,https://bread.coop/,
CoopCat — Confederació de Cooperatives de Catalunya,CATBIS,,"network/ecosystem, org",Added CATBIS: clear Catalan cooperative ecosystem relevance. No collaboration status inferred.,"Ops in Catalunya, catalan",regional,,,"Confederation representing, leading, and promoting the cooperative movement in Catalunya across sectors including work, agriculture, consumption, housing, education, services, energy, and social economy.",,,,,,"Bioeconomy, Eco Social Transition",,"Collective_Ownership_Models (https://app.notion.com/p/Collective_Ownership_Models-3331441510e1811db7b2e4505cc30563?pvs=21), Commons_Governance_Protocols (https://app.notion.com/p/Commons_Governance_Protocols-3331441510e181019702eb428e0a8448?pvs=21), Governance_Bodies (https://app.notion.com/p/Governance_Bodies-3331441510e181688959d5e2a5457fc6?pvs=21), Network_Weaving (https://app.notion.com/p/Network_Weaving-3331441510e18111a00ac80e1492315c?pvs=21), Participatory_Planning_and_Strategies (https://app.notion.com/p/Participatory_Planning_and_Strategies-3331441510e181b09adbd91296317ceb?pvs=21)",cooperativism; social economy; ESS; Catalonia,,,,"Confederation representing and promoting the cooperative movement in Catalunya across work, agriculture, consumption, housing, education, services, energy, and social economy. Relevant to CATBIS as major cooperative ecosystem infrastructure for ecosocial transition, collective ownership, and sectoral cooperative development in Catalunya.",https://cooperativescatalunya.coop/,
Amadeco Salento,,,org,"Correction after review: located in Puglia/Salento, so it should not be tagged CATBIS under the Catalunya-focused rule. Keep as an international Mediterranean regenerative agriculture reference only if useful, but outside RCSH/CATBIS.","Ops in Europe, international",,,,"Syntropic farm in Depressa–Tricase, Salento, Puglia, focused on transforming depleted soil into fertile ground for regeneration, learning, practice, community, and syntropic agroforestry.",,,,,,"Bioregionalism, Regeneration",,"Regenerative_Agriculture (https://app.notion.com/p/Regenerative_Agriculture-3331441510e181a3a4c8d5e5948fe526?pvs=21), Vegetation_Planting (https://app.notion.com/p/Vegetation_Planting-3331441510e181a5a782e6cef8a24b7b?pvs=21), Learning_Programs (https://app.notion.com/p/Learning_Programs-3331441510e181f48fccd81f52b7a58f?pvs=21), Demonstrator_Site (https://app.notion.com/p/Demonstrator_Site-3331441510e181008114ef47089f4baa?pvs=21), Peer_Learning (https://app.notion.com/p/Peer_Learning-3331441510e1811fa2ebc276ab53a2f6?pvs=21)",syntropic agroforestry; regenerative agriculture; soil regeneration; Mediterranean; rural learning; Puglia,,,,"Syntropic farm in Salento/Puglia focused on regenerating depleted soils through syntropic agroforestry, learning, practice, and community. Relevant to CATBIS as an international Mediterranean reference for regenerative agriculture, agroforestry, soil regeneration, and rural learning, though not Catalunya-specific.",https://www.amadeco.it/,
Direcció General d'Economia Social i Solidària i el Cooperativisme (Gen Cat),,,public body,,,,,,,,,,,,,,,,,,,,https://sac.gencat.cat/sacgencat/AppJava/organisme_fitxa.jsp%3Bjsessionid=GQbZJQPdJnpQZHv20chLsQKh7m7TrZ1rwbj7QfJlgsgQQT5DdYD4!390301984?codi=4910,
Bagaceira,CATBIS,,org,"Added CATBIS with confirmation flag: strong biomaterials/circular bioeconomy relevance, but Catalunya-specific role is unclear.",international,regional,,,"Bio-material research and design lab exploring sugarcane bagasse as a circular, bio-based material for interior architecture, products, and regenerative design.",,,,,https://www.linkedin.com/company/bagaceira,"Bioeconomy, Eco Social Transition, Regeneration",,"Materials_Transformation (https://app.notion.com/p/Materials_Transformation-3331441510e181788e3ad7ffb8a2be05?pvs=21), Value_Chain_Development (https://app.notion.com/p/Value_Chain_Development-3331441510e181b0bf6efa361478dbf2?pvs=21), Construction_and_Infrastructure (https://app.notion.com/p/Construction_and_Infrastructure-3331441510e1817dad9bdcf168000c8f?pvs=21), Agro-Bioeconomy (https://app.notion.com/p/Agro-Bioeconomy-3331441510e18101a15cf3113a0d0ee2?pvs=21)",bio-based materials; circular design; regenerative design; sugarcane bagasse; biomaterials,,,info@bagaceira.org,"Bio-material research and design lab exploring sugarcane bagasse as a circular, bio-based material for interiors, products, and regenerative design. Relevant to CATBIS as a bioeconomy/circular-materials reference actor, though Catalunya-specific relevance is unclear.",https://www.bagaceira.org,
Sama Gaza,,,org,,,,,,,,,,,,,,,,,,,,https://www.instagram.com/samagaza_/,
Glo Dollar,,,org,,,,,,,,,,,,,,,,,,,,https://www.glodollar.org/,
Enrique CREAF,,,ind,,,,,,,,,,,,,,,,,,,,,
Arab Group for Protection of Nature,,,org,"Body context preserved: Revive Gaza’s Farmland project and related Permaculture Palestine page. APN’s Gaza project focuses on rehabilitating agricultural land and restoring local food systems. Potential bioreg / food sovereignty relevance, but not tagged CATBIS because it is not Catalunya-focused.",international,,,,"Independent nonprofit working to protect natural resources, food sovereignty, and agricultural livelihoods in Arab countries affected by conflict and occupation.",,,,,,"Eco Social Transition, Regeneration",,,,,,,,https://apnature.org/,
Maria Dolors Nuñez,,,ind,,,,,,,,,,,,,,,,,,,,,
Viktoria Kozlova,,,ind,,,,,,,,,,,,,,,,,,,,,
INDEP Network,,,org,,,,,,,,,,,,,,,,,,,,https://www.indep.network/,
Palestinian Land Lab,,,,,,,,,,,,,,,,,,,,,,,,
Well Being Protocol / Hum,,,org,,,,,,,,,,,,,,,,,,,,https://www.thewellbeingprotocol.org/,
Kokonut Network,,,org,,,,,,,,,,,,,,,,,,,,https://link3.to/kokonutnetwork,
DAO Star,,,"network/ecosystem, org","Potential governance / web3 infrastructure relevance, but no Catalunya/regeneration link in the row; CATBIS not added.",international,,,,"Standards and infrastructure project for DAOs, focused on interoperability, governance metadata, and common tooling for decentralized organizations.",,,,,,,,,DAO; governance standards; web3; decentralized organizations,,,,,https://daostar.org/,
Masía la Granja,,,,,,,,,,,,,,,,,,,,,,,,
Gerrard,,,ind,,,,,,,,,,,,,,,,,,,,,
Barcelona Activa,CATBIS,,public body,"Added CATBIS with confirmation flag: clear Barcelona economic-transition infrastructure, but specific regenerative orientation should be checked.","Ops in Catalunya, catalan",Baix Llobregat,,,"Barcelona City Council’s local economic development agency, supporting employment, entrepreneurship, business competitiveness, strategic sectors, and inclusive/sustainable economic development.",,,,,,Eco Social Transition,,"Governance_Bodies (https://app.notion.com/p/Governance_Bodies-3331441510e181688959d5e2a5457fc6?pvs=21), Venture_Cultivation (https://app.notion.com/p/Venture_Cultivation-3331441510e1810a9b93cfddfa945786?pvs=21), Training_and_Employment_Pathways (https://app.notion.com/p/Training_and_Employment_Pathways-3331441510e18155ae10dfa50a790bc1?pvs=21), Participatory_Planning_and_Strategies (https://app.notion.com/p/Participatory_Planning_and_Strategies-3331441510e181b09adbd91296317ceb?pvs=21), Political_Advocacy (https://app.notion.com/p/Political_Advocacy-3331441510e1812880fdd8d661966799?pvs=21)",local economic development; entrepreneurship; sustainable economy; public agency; Barcelona; social innovation,,,,"Barcelona City Council economic-development agency supporting employment, entrepreneurship, business competitiveness, strategic sectors, and inclusive/sustainable local economic development. Relevant to CATBIS as public economic-transition infrastructure for entrepreneurship, social innovation, green/strategic sectors, and urban ecosocial transition in Barcelona.",https://www.barcelonactiva.cat/,
Minipay,,,org,,,,,,,,,,,,,,,,,,,,https://minipay.to/,
Mondragon,,,org,,,,,,,,,,,,,,,,,,,,https://www.mondragon-corporation.com/en/,
Can Gabarra / CoopGabarra,CATBIS,,"org, space","Ontology relation filled for cooperative housing, collective ownership, commons governance, cultural/community hub role and built-environment/infrastructure reuse.","Ops in Catalunya, catalan",regional,,,"Rural cooperative housing and collective-life project in Dosrius, recovering heritage buildings for community living, cultural activity, sustainability, and circular-economy values.",,,,,,"Eco Social Transition, Regeneration",,"Community_Housing (https://app.notion.com/p/Community_Housing-3331441510e181cb8a1bc39f7c948f3b?pvs=21), Collective_Ownership_Models (https://app.notion.com/p/Collective_Ownership_Models-3331441510e1811db7b2e4505cc30563?pvs=21), Commons_Governance_Protocols (https://app.notion.com/p/Commons_Governance_Protocols-3331441510e181019702eb428e0a8448?pvs=21), Cultural_Hub_or_Learning_Center (https://app.notion.com/p/Cultural_Hub_or_Learning_Center-3331441510e18163bf4ce6a952135f8c?pvs=21), Construction_and_Infrastructure (https://app.notion.com/p/Construction_and_Infrastructure-3331441510e1817dad9bdcf168000c8f?pvs=21)",cooperative housing; rural commons; cohousing; cultural community; circular economy; Maresme,,,,"Rural cooperative housing and cultural-community project in Dosrius / Maresme. Relevant to CATBIS as a practical example of cooperative housing, rural heritage reuse, collective living, circular-economy values, and cultural/community infrastructure in a Catalan rural setting.",https://www.cangabarra.org/,
BAC — Barcelona Circular,CATBIS,,"org, space","Ontology relation filled for hub/center role, materials transformation, value-chain development, venture cultivation and systems/resource mapping.","Ops in Catalunya, catalan",Baix Llobregat,,,"Barcelona circular-economy and industrial digital-transformation hub, acting as an entrepreneurship and innovation lab for new circular business models.",,,,,,"Bioeconomy, Eco Social Transition",,"Cultural_Hub_or_Learning_Center (https://app.notion.com/p/Cultural_Hub_or_Learning_Center-3331441510e18163bf4ce6a952135f8c?pvs=21), Materials_Transformation (https://app.notion.com/p/Materials_Transformation-3331441510e181788e3ad7ffb8a2be05?pvs=21), Value_Chain_Development (https://app.notion.com/p/Value_Chain_Development-3331441510e181b0bf6efa361478dbf2?pvs=21), Venture_Cultivation (https://app.notion.com/p/Venture_Cultivation-3331441510e1810a9b93cfddfa945786?pvs=21), Systems_and_Resource_Mapping (https://app.notion.com/p/Systems_and_Resource_Mapping-3331441510e1817db512f22616e77166?pvs=21)",circular economy; industrial transformation; circular business models; innovation hub; urban transition; Barcelona,,,,"Barcelona circular-economy hub and prototyping space for industrial digital transformation and circular business models. Relevant to CATBIS as urban ecosystem infrastructure for circular economy, bioeconomy-adjacent innovation, SME transition, and Barcelona-based regenerative/circular entrepreneurship.",https://bac.cat/,
Simbiosy,CATBIS,,org,"Added CATBIS with confirmation flag: strong circular-economy relevance, but Catalunya-specific link should be checked.",Ops in Spain,regional,,,"Simbiosy is a Spanish consultancy specializing in industrial symbiosis and circular economy. It helps territories and companies optimize resource flows, waste valorization, and collaborative business models to drive local sustainability.",,,,,,"Bioeconomy, Eco Social Transition",,"Value_Chain_Development (https://app.notion.com/p/Value_Chain_Development-3331441510e181b0bf6efa361478dbf2?pvs=21), Materials_Transformation (https://app.notion.com/p/Materials_Transformation-3331441510e181788e3ad7ffb8a2be05?pvs=21), Network_Weaving (https://app.notion.com/p/Network_Weaving-3331441510e18111a00ac80e1492315c?pvs=21), Systems_and_Resource_Mapping (https://app.notion.com/p/Systems_and_Resource_Mapping-3331441510e1817db512f22616e77166?pvs=21)",industrial symbiosis; circular economy; resource flows; waste valorization; territorial sustainability; Spain,,,,"Spanish consultancy specializing in industrial symbiosis and circular economy, helping territories and companies optimize resource flows, valorize waste, and build collaborative circular business models. Relevant to CATBIS as circular-economy and territorial resource-flow infrastructure with potential Catalunya/Spain relevance.",https://simbiosy.com/,
GUS Gruppo Umana Solidarieta’,,,org,Italian humanitarian NGO. Review: General social focus; confirm if specific environmental or economic regeneration projects exist.,,,,,"GUS (Gruppo Umana Solidarietà) is an Italian NGO working on human rights, refugee integration, and international cooperation. It runs projects in Europe, Africa, and the Middle East focused on social inclusion and emergency response.",,,,,,,,,"Disaster_Relief, Network_Weaving",,,,,https://gus-italia.org/,
New Economy Coalition,CATBIS,,"network/ecosystem, org","Added CATBIS with confirmation flag: strong solidarity-economy/ecological transition relevance, but Catalunya-specific relevance is indirect.",international,regional,,,"The New Economy Coalition is a US-based network of 170+ organizations building the solidarity economy. It connects cooperatives, community wealth builders, and activists working to create democratic, ecologically grounded alternatives to capitalism.",,,,,,"Eco Social Transition, Regeneration",,"Network_Weaving (https://app.notion.com/p/Network_Weaving-3331441510e18111a00ac80e1492315c?pvs=21), Political_Advocacy (https://app.notion.com/p/Political_Advocacy-3331441510e1812880fdd8d661966799?pvs=21), Collective_Ownership_Models (https://app.notion.com/p/Collective_Ownership_Models-3331441510e1811db7b2e4505cc30563?pvs=21), Commons_Governance_Protocols (https://app.notion.com/p/Commons_Governance_Protocols-3331441510e181019702eb428e0a8448?pvs=21), Governance_Bodies (https://app.notion.com/p/Governance_Bodies-3331441510e181688959d5e2a5457fc6?pvs=21)","Network_Weaving, Political_Advocacy, Collective_Ownership_Models",,,,"US-based solidarity-economy network connecting cooperatives, community wealth builders, and movements building democratic and ecologically grounded alternatives to capitalism. Relevant to CATBIS as an international reference for social/solidarity economy, collective ownership, network weaving, and ecosocial transition, but not specifically Catalan.",https://neweconomy.net/,
World Mobile,CATBIS,,org,"Added CATBIS cautiously because it appeared in the keyword candidate scan, but fit is weak/indirect; human should confirm whether this belongs in RCSH.",international,regional,,,"World Mobile is a decentralized telecommunications network providing connectivity to underserved regions. It uses a token-based reward model to incentivize community-owned nodes and secure, private mobile access globally.",,,,,,Eco Social Transition,,"Network_Weaving (https://app.notion.com/p/Network_Weaving-3331441510e18111a00ac80e1492315c?pvs=21), Services & Infrastructure (https://app.notion.com/p/Services-Infrastructure-3331441510e18193a321cb34b431013f?pvs=21), Collective_Ownership_Models (https://app.notion.com/p/Collective_Ownership_Models-3331441510e1811db7b2e4505cc30563?pvs=21)",decentralized infrastructure; community-owned networks; connectivity; network weaving; digital commons; source relevance check,,,,"Decentralized telecommunications network providing connectivity to underserved regions through community-owned nodes and token-based incentives. Relevant to CATBIS only as a broad infrastructure/commons and decentralized-network reference, with possible energy/connectivity implications, but the regenerative/Catalunya-specific fit is weak and should be reviewed.",https://worldmobile.io/,
Treedom,,,org,Italian-based global reforestation platform. Review: Commercial platform model; confirm if it fits ReFi BCN CRM or should be deprioritized.,,,,,"Treedom is a platform enabling individuals and companies to plant trees remotely. It supports local farmers and reforestation projects globally, providing digital tracking of each tree's environmental and social impact.",,,,,,,,,"Vegetation_Planting, Farmer_Support, Network_Weaving",,,,,https://www.treedom.net/en,
Althea Network,,,org,First batch enrichment: kept as org. Review relevance to ReFi BCN/regenerative ecosystem; may be more web3-infrastructure than local/regenerative actor.,,,,,"Althea develops blockchain-enabled internet and infrastructure connectivity tools. Its Althea L1 and Liquid Infrastructure model aim to coordinate and finance networked utilities such as fiber, wireless connectivity, and related infrastructure.",,,,,,,,"Construction_and_Infrastructure (https://app.notion.com/p/Construction_and_Infrastructure-3331441510e1817dad9bdcf168000c8f?pvs=21), Structuring_and_Capitalization (https://app.notion.com/p/Structuring_and_Capitalization-3331441510e181ca9fbeeaf2171d3045?pvs=21)",,,,,,https://www.althea.net/,
Fito Network,,,org,,,,,,,,,,,,,,,,,,,,https://p4ne.org/,
Climate Coordination Network,,,"funder, network/ecosystem, org","Added CATBIS with confirmation flag: relevant to climate funding / regenerative finance, but Catalunya-specific role should be confirmed.",international,regional,,,"The Climate Coordination Network is a decentralized community managing Gitcoin's Climate Solutions Program. It funds climate projects through quadratic funding and grants, connecting Web3 builders with climate action initiatives globally.",,,,,,"Eco Social Transition, Impact Investing, Regeneration",,"Grants_Programs (https://app.notion.com/p/Grants_Programs-3331441510e18166b8a7ffb8c528af98?pvs=21), Network_Weaving (https://app.notion.com/p/Network_Weaving-3331441510e18111a00ac80e1492315c?pvs=21), Venture_Cultivation (https://app.notion.com/p/Venture_Cultivation-3331441510e1810a9b93cfddfa945786?pvs=21), Alternative Finance (https://app.notion.com/p/Alternative-Finance-3331441510e1818f9c0defb3e55bef58?pvs=21), Investment_Vehicles (https://app.notion.com/p/Investment_Vehicles-3331441510e1819da547e4c9865b3be1?pvs=21)","Grants_Programs, Network_Weaving, Venture_Cultivation",,,,"Decentralized climate-funding network connected to Gitcoin’s Climate Solutions Program, using grants and quadratic funding to support climate projects globally. Relevant to CATBIS as web3/regenerative-finance and grants infrastructure for climate solutions, though Catalunya-specific relevance is unclear.",https://gov.gitcoin.co/t/climate-coordination-network-ccn-the-future-of-the-climate-solutions-program/16777,
Joseph Rowntree Foundation,,,"funder, org","UK-based funder and research org. Focus on poverty, housing, and welfare reform. Review: UK scope; confirm if relevant for ReFi BCN partnerships.",,,,,"The Joseph Rowntree Foundation is a UK social change research charity working to find solutions to poverty. It funds research, influences policy, and supports community initiatives to build a fairer society.",,,,,,,,,"Socioeconomic_Indicators, Political_Advocacy, Governance_Bodies",,,,,https://www.jrf.org.uk/,
Give Directly,,,"funder, org",Major global cash transfer nonprofit. Model aligns with solidarity economy and direct finance. Review: US/Africa focus; confirm relevance to ReFi BCN CRM.,,,,,"GiveDirectly is a nonprofit pioneering direct cash transfers to people in extreme poverty. It empowers recipients in Africa and the US to choose how best to improve their lives, bypassing traditional aid intermediaries.",,,,,,,,,"Grants_Programs, Socioeconomic_Indicators, Alternative_Finance",,,,,http://givedirectly.org/,
Blockchain for Good Alliance BGA,,,"network/ecosystem, org",Global alliance with partners like Bybit and Solana Foundation. Focus on grantmaking and social impact incubation. Review: Web3-focused; confirm alignment with ReFi BCN scope.,,,,,"The Blockchain for Good Alliance is a global network leveraging blockchain technology for social impact. It runs hackathons, incubation programs, and grant funds to support Web3 projects addressing critical humanitarian and environmental challenges.",,,,,,,,,"Alternative_Finance, Network_Weaving, Venture_Cultivation",,,,,https://chainforgood.org/,
Lido,,,org,Review: Core Web3/DeFi infrastructure; confirm specific relevance to regenerative economy or ReFi BCN focus.,,,,,"Lido is a decentralized liquid staking protocol for Ethereum, enabling users to stake ETH without locking assets or maintaining infrastructure. It issues stETH, a liquid staking token used across DeFi for lending, collateral, and rewards.",,,,,,,,,"Alternative_Finance, Investment_Vehicles",,,,,https://lido.fi/,
Be the Earth Foundation,,,"funder, org","Added CATBIS with review flags: strong thematic regenerative/funder relevance, but current website/source details need confirmation.",international,regional,,,"Foundation supporting regenerative approaches to land, food systems, community, and ecological transition; exact current website details need verification.",,,,,,"Bioregionalism, Eco Social Transition, Regeneration",,"Investment_Vehicles (https://app.notion.com/p/Investment_Vehicles-3331441510e1819da547e4c9865b3be1?pvs=21), Grants_Programs (https://app.notion.com/p/Grants_Programs-3331441510e18166b8a7ffb8c528af98?pvs=21), Regenerative_Agriculture (https://app.notion.com/p/Regenerative_Agriculture-3331441510e181a3a4c8d5e5948fe526?pvs=21), Network_Weaving (https://app.notion.com/p/Network_Weaving-3331441510e18111a00ac80e1492315c?pvs=21), Portfolio_Development (https://app.notion.com/p/Portfolio_Development-3331441510e181df8e8ff4170407af7e?pvs=21)",,,,,"Foundation supporting regenerative approaches to land, food systems, community, and ecological transition. Relevant to CATBIS as a potential funder/reference actor for land regeneration, food-system transition, community resilience, and ecological transition, but source details still need verification.",https://www.betheearth.foundation/,
Cargonomia,,,"network/ecosystem, org, space",Review: Budapest-based; confirm if geographic scope fits ReFi BCN CRM. Focus on cargo logistics and organic food.,,,,,Cargonomia is a Budapest-based logistics center and community space promoting sustainable urban transport via cargo bikes and local organic food distribution. It connects producers with customers while hosting DIY workshops and degrowth-focused cultural events.,,,,,,,,,"Transportation_Transitions, Community_Food_Access, Cultural_Hub_or_Learning_Center",,,,,https://cargonomia.hu/,
Caixa Enginyers Banco Cooperativo,CATBIS,,"funder, org","Added CATBIS with confirmation flag: clear Catalan cooperative finance relevance, but specific regenerative/CATBIS role should be reviewed.","Ops in Catalunya, catalan",regional,,,"Caixa Enginyers is a Catalan cooperative bank founded in 1967, serving over 213,000 members. It offers cooperative banking, insurance, and socially responsible investment (ISR) products, prioritizing environmental sustainability and financial proximity in rural areas.",,,,,,"Eco Social Transition, Impact Investing",,"Alternative Finance (https://app.notion.com/p/Alternative-Finance-3331441510e1818f9c0defb3e55bef58?pvs=21), Collective_Ownership_Models (https://app.notion.com/p/Collective_Ownership_Models-3331441510e1811db7b2e4505cc30563?pvs=21), Investment_Vehicles (https://app.notion.com/p/Investment_Vehicles-3331441510e1819da547e4c9865b3be1?pvs=21), Services & Infrastructure (https://app.notion.com/p/Services-Infrastructure-3331441510e18193a321cb34b431013f?pvs=21)",cooperative banking; alternative finance; socially responsible investment; Catalan cooperative economy; environmental sustainability,,,,"Catalan cooperative bank providing cooperative banking, insurance, and socially responsible investment products, with attention to environmental sustainability and financial proximity. Relevant to CATBIS as Catalan cooperative/alternative finance infrastructure that can support ecosocial transition, regenerative enterprises, and local economic resilience.",https://www.caixaenginyers.com/web/grupo/inici,
Pod Coop,CATBIS,,org,"Added CATBIS with confirmation flag: strong agrarian/cooperative infrastructure fit, but Catalunya-specific use should be checked.",Ops in Spain,regional,,,"Pod is a cooperative digital management tool designed for the agrarian sector, helping small farmers, cooperatives, and artisans streamline orders, traceability, and invoicing. It focuses on improving the quality of life and profitability of rural producers in Spain.",,,,,,"Bioeconomy, Eco Social Transition",,"Farmer_Support (https://app.notion.com/p/Farmer_Support-3331441510e18121891cff38c403492d?pvs=21), Collective_Ownership_Models (https://app.notion.com/p/Collective_Ownership_Models-3331441510e1811db7b2e4505cc30563?pvs=21), Regional_Sourcing (https://app.notion.com/p/Regional_Sourcing-3331441510e181fa86cfe532fb8c7876?pvs=21), Value_Chain_Development (https://app.notion.com/p/Value_Chain_Development-3331441510e181b0bf6efa361478dbf2?pvs=21), Knowledge_Artefacts (https://app.notion.com/p/Knowledge_Artefacts-3331441510e181af8b5ac77d9bd2ab97?pvs=21)",farmer support; agrarian cooperatives; digital tools; traceability; regional sourcing; rural producers; Spain,,,,"Cooperative digital management tool for the agrarian sector, supporting small farmers, cooperatives, and artisans with orders, traceability, invoicing, and rural-producer viability in Spain. Relevant to CATBIS as agri-food infrastructure for farmer support, cooperative production, regional sourcing, and rural economic resilience.",https://www.pod.coop/,
Thaura AI,,,org,Review: Website returned no readable content. Confirm organizational purpose and sector.,,,,,,,,,,,,,,,,,,,https://thaura.ai/,
"Sitawi ",,,"funder, org",Review: Brazil-based impact finance organization; confirm relevance to ReFi BCN CRM.,,,,,"Sitawi Finanças do Bem is a Brazilian nonprofit and OSCIP that leverages blended finance and impact investment to support socio-environmental causes. It offers philanthropy management, conservation finance, and consulting to align capital with the Sustainable Development Goals.",,,,,,,,,"Investment_Vehicles, Network_Weaving, Structuring_and_Capitalization",,,,,https://sitawi.net/en/,
Kumma Systems,,,org,,,,,,,,,,,,,,,,,,,,,
ExoWatt,CATBIS,,org,"Added CATBIS with confirmation flag: renewable-energy infrastructure relevance is clear, but Catalunya-specific connection is unclear.",international,regional,,,"ExoWatt is a Miami-based energy startup backed by Sam Altman, providing modular solar thermal storage systems for 24/7 dispatchable power. It targets energy-intensive sectors like AI data centers and utilities with American-made, baseload-capable renewable energy.",,,,,,Eco Social Transition,,"Renewable_Energy (https://app.notion.com/p/Renewable_Energy-3331441510e181f58896c3f08d1d6ee6?pvs=21), Construction_and_Infrastructure (https://app.notion.com/p/Construction_and_Infrastructure-3331441510e1817dad9bdcf168000c8f?pvs=21), Investment_Vehicles (https://app.notion.com/p/Investment_Vehicles-3331441510e1819da547e4c9865b3be1?pvs=21)","Renewable_Energy, Construction_and_Infrastructure",,,,"Energy startup developing modular solar thermal storage systems for 24/7 dispatchable renewable power, targeting energy-intensive sectors. Relevant to CATBIS as a renewable-energy and infrastructure reference actor, though Catalunya-specific relevance is unclear.",https://www.exowatt.com/,
Regenesis Institute,CATBIS,,org,"Added CATBIS with confirmation flag: strong regenerative-practice reference, but Catalunya-specific link is indirect.",international,regional,,,The Regenesis Institute for Regenerative Practice offers transformational education programs and support systems for practitioners creating regenerative systems change globally. Its flagship Regenerative Practitioner Series teaches living systems thinking and place-based regenerative development.,,,,,,"Bioregionalism, Regeneration",,"Learning_Programs (https://app.notion.com/p/Learning_Programs-3331441510e181f48fccd81f52b7a58f?pvs=21), Network_Weaving (https://app.notion.com/p/Network_Weaving-3331441510e18111a00ac80e1492315c?pvs=21), Storying_Place (https://app.notion.com/p/Storying_Place-3331441510e18182bf1cd178a1b9ecc1?pvs=21), Peer_Learning (https://app.notion.com/p/Peer_Learning-3331441510e1811fa2ebc276ab53a2f6?pvs=21), Governance_Design (https://app.notion.com/p/Governance_Design-3331441510e1813bb87bd224403e0a56?pvs=21)","Learning_Programs, Network_Weaving, Storying_Place",,,,"Global regenerative-practice institute offering education and support for practitioners working on living-systems thinking, place-based regenerative development, and systems change. Relevant to CATBIS as a core reference for regenerative practice, storying place, learning programs, and practitioner capacity-building, though Catalunya-specific relevance is indirect.",https://www.regenerat.es/,
"Spain Unfiltered ",,,org,,,,,,,,,,,,,,,,,,,,https://www.youtube.com/@Spainunfiltered,
Mescladis del Pou,,,"org, space","Part of Mescladís network (5 restaurants + catering). Social production company since 2005, supporting migrants' labor integration. Address: Carders 35, Barcelona. Contact: pou@mescladis.org, +34 933 198 732.",,,,,"Mescladís del Pou is a social restaurant in Barcelona's La Ribera neighborhood, operated by Mescladís social enterprise. It empowers former culinary training students with employment opportunities while serving international cuisine in a community space focused on social, economic, and environmental sustainability.",,,,,,,,,"Training_and_Employment_Pathways, Cultural_Hub_or_Learning_Center, Community_Food_Access",,,,,https://mescladis.org/en/restaurantes/del-pou/,
Global Innovation Gathering,,,"network/ecosystem, org","Global network with strong Global South focus. Organizes annual Global Gatherings. Works on sustainability, open-source tech, digital rights. Review: global scope, not regionally anchored; confirm relevance to ReFi BCN CRM.",,,,,"GIG is a global network of innovation hubs, makerspaces, and grassroots innovators, rooted in the Global South. It facilitates knowledge exchange, open innovation for sustainability and education, citizen social science, and digital rights advocacy across its worldwide membership.",,,,,,,,,"Network_Weaving, Peer_Learning, Citizen_or_Community_Science, Art_and_Storytelling",,,,,https://globalinnovationgathering.org/,
Som Mobilitat,,,org,"Part of the 'Som' cooperative ecosystem (with Som Energia, Som Connexió). 12,000+ business users as of 2026. Membership €10. Review: strong fit for regenerative mobility commons; confirm if this is the same entity as the Som Mobilitat linked to the ReFi ecosystem.",,,,,"Som Mobilitat is a Catalan cooperative providing carsharing services with electric vehicles for individuals, businesses, and public administrations. It promotes sustainable shared mobility as a collective, non-profit alternative to private vehicle ownership.",,,,,,,,,"Transportation_Transitions, Collective_Ownership_Models, Network_Weaving",,,,,https://sommobilitat.coop/,
Sacred Contract,,,"network/ecosystem, org",Review: US-based legal/ecological activism; check for relevance to ReFi BCN scope.,,,,,"Sacred Contract is a nonprofit coalition working to restore legal rights of nature and establish indigenous-led guardianship councils. It advocates for 'lands that own themselves,' removing private property exploitation to uphold ecosystem sovereignty.",,,,,,,,,"Rights_of_Nature, Collective_Ownership_Models, Political_Advocacy",,,,,https://www.sacredcontract.earth/,
Terra0,CATBIS,,"network/ecosystem, org","Added CATBIS with confirmation flag: conceptually relevant to commons/ecological governance, but Catalunya-specific connection is indirect.",Ops in Europe,regional,,,"Terra0 is a Berlin-based art and research collective exploring intersections of economy, ecology, and emerging technologies. It proposes speculative models of collective ownership, such as self-utilizing forests managed by smart contracts, to rethink agency and resource stewardship.",,,,,,"Eco Social Transition, Regeneration",,"Collective_Ownership_Models (https://app.notion.com/p/Collective_Ownership_Models-3331441510e1811db7b2e4505cc30563?pvs=21), Art_and_Storytelling (https://app.notion.com/p/Art_and_Storytelling-3331441510e181ba993ecde5ccf02fac?pvs=21), Network_Weaving (https://app.notion.com/p/Network_Weaving-3331441510e18111a00ac80e1492315c?pvs=21), Commons_Governance_Protocols (https://app.notion.com/p/Commons_Governance_Protocols-3331441510e181019702eb428e0a8448?pvs=21), Rights_of_Nature (https://app.notion.com/p/Rights_of_Nature-3331441510e181b0a616cb73fd4d52c8?pvs=21)",collective ownership; ecological art; resource stewardship; commons governance; self-owning forest; speculative economy,,,,"Berlin-based art and research collective exploring economy, ecology, emerging technologies, collective ownership, and resource stewardship through speculative models such as self-utilizing forests. Relevant to CATBIS as an experimental reference for commons governance, collective ownership, ecological imaginaries, and regenerative/alternative economic design, though Catalunya-specific relevance is indirect.",https://terra0.org/,
orgagynga,,,org,,,,,,,,,,,,,,,,,,,,,
Senyor de les gallines - Raoul Ferrer i Fernandez,,,ind,,,,,,,,,,,,,,,,,,,,https://www.instagram.com/senyor_de_les_gallines/,
Andrea Lekker,,,ind,"Context from page body: Italian person met at Las Acacias, interested in knowing more about ReFi/BioFi, working for Allianz as data scientist.",,,,,Individual contact met at Las Acacias; works as a data scientist at Allianz and is interested in learning more about ReFi / BioFi.,,,,,,,,,,+34 649 56 74 90,,,,,
Alveare - Emporio di Comunita’,,,org,"First batch enrichment: website indicates cooperative/community shop in Conegliano, Italy. Contact found on site: mailto:info@alvearemporio.it; phone 0438 68 99 85. Review whether contact details should be stored in individual/contact rows or left in Notes.",,,,,"Alveare Emporio di Comunità is a community cooperative / emporium in Conegliano focused on fair, sustainable, and participatory daily shopping. It promotes responsible consumption, quality products, and cooperative alternatives to large-scale retail.",,,,,,,,"Community_Food_Access (https://app.notion.com/p/Community_Food_Access-3331441510e1817daf1efe81df7ef31c?pvs=21), Collective_Ownership_Models (https://app.notion.com/p/Collective_Ownership_Models-3331441510e1811db7b2e4505cc30563?pvs=21)",,,,,,https://www.alvearemporio.it/,
Ebru Kaya and Andre,,,ind,,,,,,,,,,,,,,,,,,,,,
Regenerative Earth,CATBIS,,org,"Added CATBIS with confirmation flag: strong regeneration/TEK relevance, but Catalunya-specific relevance is indirect.",international,regional,,,"Regenerative Earth is a US-based nonprofit working globally to preserve biological diversity and indigenous wisdom in keystone ecosystems. It runs a Regenerative Economy Lab, organizes retreats and workshops, and supports land stewardship through conservation and indigenous guardianship.",,,,,,"Bioregionalism, Regeneration",,"Habitat_Connectivity (https://app.notion.com/p/Habitat_Connectivity-3331441510e18102979cd784e7b26d42?pvs=21), Traditional_Ecological_Knowledge (https://app.notion.com/p/Traditional_Ecological_Knowledge-3331441510e181259b3ad2370358bb34?pvs=21), Network_Weaving (https://app.notion.com/p/Network_Weaving-3331441510e18111a00ac80e1492315c?pvs=21), Learning_Programs (https://app.notion.com/p/Learning_Programs-3331441510e181f48fccd81f52b7a58f?pvs=21), Ecosystem Regeneration (https://app.notion.com/p/Ecosystem-Regeneration-3331441510e1816d83f1e6eb4734ef50?pvs=21)","Habitat_Connectivity, Traditional_Ecological_Knowledge, Network_Weaving",,,,"US-based nonprofit working globally on biodiversity preservation, Indigenous wisdom, regenerative economy learning, retreats, workshops, conservation, and land stewardship. Relevant to CATBIS as an international reference for ecosystem regeneration, traditional ecological knowledge, conservation, and regenerative economy work, but not specifically Catalan.",http://www.regenerativeearth.org,
Certifood,CATBIS,,org,"Added CATBIS with confirmation flag: relevant to regenerative agri-food certification, but Catalunya-specific relevance is not yet clear.",Ops in Spain,regional,,,"Spanish agri-food certification body specialized in auditing and certifying food products and quality systems, including agri-food standards and regenerative-food certification processes.",,,,,,Bioeconomy,,"Formal_Scientific_Process (https://app.notion.com/p/Formal_Scientific_Process-3331441510e181298bb3ee02c9dad9da?pvs=21), Knowledge_Artefacts (https://app.notion.com/p/Knowledge_Artefacts-3331441510e181af8b5ac77d9bd2ab97?pvs=21), Value_Chain_Development (https://app.notion.com/p/Value_Chain_Development-3331441510e181b0bf6efa361478dbf2?pvs=21), Regenerative_Agriculture (https://app.notion.com/p/Regenerative_Agriculture-3331441510e181a3a4c8d5e5948fe526?pvs=21)",agri-food certification; food quality systems; regenerative food certification; standards; auditing; Spain,,,certifood@certifood.org,"Spanish agri-food certification body involved in auditing and certifying food products and quality systems, including regenerative-food certification processes. Relevant to CATBIS as agri-food standards/certification infrastructure for bioeconomy and regenerative food-system transition, though its Catalunya-specific role should be confirmed.","https://www.certifood.org/ ",
Louise Buss,,,ind,,,,,,,,,,,,,,,,,,,,https://www.linkedin.com/in/louise-buss-08565567/,
https://www.ecologistasenaccion.org/358766/ecologistas-en-accion-lleva-ante-el-tribunal-general-de-la-ue-los-seis-proyectos-mineros-declarados-estrategicos-por-la-comision-europea/,CATBIS,,"network/ecosystem, org",Added CATBIS with confirmation flag: strong environmental/ecosocial relevance; Catalunya-specific local federation/link should be reviewed.,"Ops in Catalunya, Ops in Spain",regional,,,"Ecologistas en Acción is a Spanish confederation of environmental groups coordinating grassroots campaigns on climate, biodiversity, energy, mining, water, and urbanism. It operates through regional federations and local groups across Spain, producing research and policy advocacy.",,,,,,"Eco Social Transition, Regeneration",,"Political_Advocacy (https://app.notion.com/p/Political_Advocacy-3331441510e1812880fdd8d661966799?pvs=21), Network_Weaving (https://app.notion.com/p/Network_Weaving-3331441510e18111a00ac80e1492315c?pvs=21), Governance_Bodies (https://app.notion.com/p/Governance_Bodies-3331441510e181688959d5e2a5457fc6?pvs=21), Ecological_Monitoring (https://app.notion.com/p/Ecological_Monitoring-3331441510e1816ba8f8c71a168a276e?pvs=21), Water_Management (https://app.notion.com/p/Water_Management-3331441510e181288124c49fd649d9ba?pvs=21)",environmental advocacy; climate justice; biodiversity; water; energy; grassroots movements; Spain,,,,"Spanish confederation of grassroots environmental groups coordinating campaigns and policy advocacy on climate, biodiversity, energy, mining, water, urbanism, and ecological justice. Relevant to CATBIS as a Spain/Catalunya-facing environmental movement infrastructure actor and advocacy reference for ecosocial transition.",https://www.ecologistasenaccion.org/,
Oleada por Regeneracion,CATBIS,,"network/ecosystem, org",Added CATBIS with confirmation flag: strong Spanish regenerative-network relevance; Catalunya-specific participation should be checked.,Ops in Spain,regional,,,"Oleada por la Regeneración is an open collaborative platform facilitating the transition to a regenerative world. It connects communities, organizations, and territories with solutions, knowledge, tools, and action groups for environmental and social transformation across Spain.",,,,,,"Bioregionalism, Eco Social Transition, Regeneration",,"Network_Weaving (https://app.notion.com/p/Network_Weaving-3331441510e18111a00ac80e1492315c?pvs=21), Learning_Programs (https://app.notion.com/p/Learning_Programs-3331441510e181f48fccd81f52b7a58f?pvs=21), Participatory_Planning_and_Strategies (https://app.notion.com/p/Participatory_Planning_and_Strategies-3331441510e181b09adbd91296317ceb?pvs=21), Peer_Learning (https://app.notion.com/p/Peer_Learning-3331441510e1811fa2ebc276ab53a2f6?pvs=21)",regenerative transition; network weaving; learning programs; collaborative platform; action groups; Spain,,,,"Open collaborative platform facilitating transition toward a regenerative world by connecting communities, organizations, territories, tools, knowledge, and action groups across Spain. Relevant to CATBIS as Spanish/Iberian network-weaving and learning infrastructure for regenerative transition, with potential usefulness for Catalan regenerative actors.",https://hoperevolution.earth/oleada-por-la-regeneracion/,
Yuuki Hosoya,,,ind,,,,,,,,,,,,,,,,,,,,https://www.linkedin.com/in/yuuki-h-63b55813b/,
AEF Asociación Española Fundaciones,,,"network/ecosystem, org","Spain-wide foundation sector association (1,000+ members). Runs 'Fundaciones por el Clima' climate initiative. Contact: info@fundaciones.org, 91 310 63 09, Madrid. Review: national scope; confirm whether Catalan chapter relationship exists for CRM prioritization.",,,,,"AEF (Asociación Española de Fundaciones) is an independent membership body representing 1,000+ foundations in Spain. It supports the sector through advocacy plus legal/tax/accounting advisory, training and transparency tools, and it curates directories, documentation, news, and calls/opportunities for collaboration and impact.",,,,,,,,"Legal Stewardship (https://app.notion.com/p/Legal-Stewardship-3331441510e18180a759ec698a17c928?pvs=21), Agreements_and_Legal_Instruments (https://app.notion.com/p/Agreements_and_Legal_Instruments-3331441510e1811ba1d4c64c72d8c6f4?pvs=21), Grants_Programs (https://app.notion.com/p/Grants_Programs-3331441510e18166b8a7ffb8c528af98?pvs=21), Knowledge_Artefacts (https://app.notion.com/p/Knowledge_Artefacts-3331441510e181af8b5ac77d9bd2ab97?pvs=21), Political_Advocacy (https://app.notion.com/p/Political_Advocacy-3331441510e1812880fdd8d661966799?pvs=21)","Network_Weaving, Political_Advocacy, Governance_Bodies",,,,,https://fundaciones.org/,
ACTE Asamblea Catalana por la Transicion social,CATBIS,"Energy, Food, Social, Water","network/ecosystem, org",,"Ops in Catalunya, catalan",regional,,,"ACTE (Assemblea Catalana per la Transició Ecosocial) is a Catalan coalition of movements, collectives, organizations, and individuals. It pushes a just, democratic ecosocial transition (ecofeminist + global justice) and aligns actors around shared narratives, demands, mobilization, and political action.",,,,,,"Eco Social Transition, Regeneration",,"Community Governance (https://app.notion.com/p/Community-Governance-3331441510e18140bdbaddbb869636fc?pvs=21), Network_Weaving (https://app.notion.com/p/Network_Weaving-3331441510e18111a00ac80e1492315c?pvs=21), Participatory_Planning_and_Strategies (https://app.notion.com/p/Participatory_Planning_and_Strategies-3331441510e181b09adbd91296317ceb?pvs=21), Political_Advocacy (https://app.notion.com/p/Political_Advocacy-3331441510e1812880fdd8d661966799?pvs=21), Congressing_and_Events (https://app.notion.com/p/Congressing_and_Events-3331441510e181f583c4c99618834d4e?pvs=21)","Political_Advocacy, Network_Weaving, Participatory_Planning_and_Strategies",,,,"Catalan ecosocial-transition coalition aligning movements, collectives, organizations, and citizens around just, democratic, ecofeminist and global-justice transition. Relevant to CATBIS as movement/policy infrastructure for ecosocial transition, political advocacy, mobilization, and network coordination in Catalunya.",https://assembleaecosocial.cat/,
Rizoma Co Lab,,,,,,,,,,,,,,,,,,,,,,,,
Las Acacias,CATBIS,,"org, space",Added CATBIS: clear Catalan permaculture/regenerative education relevance. No collaboration status inferred.,"Ops in Catalunya, catalan",regional,,,"Las Acacias is a permaculture education center in Castelldefels offering workshops, camps, and training in regenerative agriculture and bioconstruction. It focuses on ancestral wisdom recovery, children's nature-based learning, and local community cooperation for ecological restoration.",,,,,,"Bioregionalism, Eco Social Transition, Regeneration",,"Learning_Programs (https://app.notion.com/p/Learning_Programs-3331441510e181f48fccd81f52b7a58f?pvs=21), Regenerative_Agriculture (https://app.notion.com/p/Regenerative_Agriculture-3331441510e181a3a4c8d5e5948fe526?pvs=21), Traditional_Ecological_Knowledge (https://app.notion.com/p/Traditional_Ecological_Knowledge-3331441510e181259b3ad2370358bb34?pvs=21), Demonstrator_Site (https://app.notion.com/p/Demonstrator_Site-3331441510e181008114ef47089f4baa?pvs=21), Cultural_Hub_or_Learning_Center (https://app.notion.com/p/Cultural_Hub_or_Learning_Center-3331441510e18163bf4ce6a952135f8c?pvs=21)",permaculture; regenerative agriculture; bioconstruction; ecological education; traditional ecological knowledge; Castelldefels,,,,"Permaculture education centre in Castelldefels offering workshops, camps, regenerative agriculture, bioconstruction, ancestral-wisdom recovery, children’s nature learning, and community cooperation. Relevant to CATBIS as a local Catalan learning/demonstrator node for permaculture, regenerative agriculture, ecological education, and community-scale restoration.",https://lasacaciaspermacultura.com/,
Revista Soberania Alimentaria,CATBIS,,org,Added CATBIS: clear Barcelona/Catalunya-facing agroecology and food-sovereignty knowledge infrastructure. No collaboration status inferred.,"Ops in Catalunya, Ops in Spain, catalan",regional,,,"Revista Soberanía Alimentaria is a Barcelona-based magazine publishing critical analysis and stories on food sovereignty, agroecology, and land justice. It serves as a platform for grassroots voices and food system transformation across the Spanish state.",,,,,,"Bioeconomy, Eco Social Transition, Regeneration",,"Art_and_Storytelling (https://app.notion.com/p/Art_and_Storytelling-3331441510e181ba993ecde5ccf02fac?pvs=21), Community_Food_Access (https://app.notion.com/p/Community_Food_Access-3331441510e1817daf1efe81df7ef31c?pvs=21), Peer_Learning (https://app.notion.com/p/Peer_Learning-3331441510e1811fa2ebc276ab53a2f6?pvs=21), Political_Advocacy (https://app.notion.com/p/Political_Advocacy-3331441510e1812880fdd8d661966799?pvs=21), Regenerative_Agriculture (https://app.notion.com/p/Regenerative_Agriculture-3331441510e181a3a4c8d5e5948fe526?pvs=21)",food sovereignty; agroecology; land justice; food-system transformation; storytelling; Barcelona,,,,"Barcelona-based magazine and knowledge platform publishing critical analysis and stories on food sovereignty, agroecology, land justice, and food-system transformation. Relevant to CATBIS as narrative/knowledge infrastructure for agroecology, community food access, food sovereignty, and grassroots food-system transition in Catalunya and the Spanish state.",https://www.soberaniaalimentaria.info/,
Fundacio’ Seira,,,"funder, org",Review: duplicate row exists with /en URL (page id: 70a14415...). Consider merging or archiving one. Confirm whether Grants_Programs is accurate or if focus is solely investment/equity.,,,,,"Fundació Seira is a Catalan cooperative foundation providing patient capital, loans, and equity to social economy enterprises and cooperatives. It supports democratic ownership models and economic transition in Catalonia through participatory finance.",,,,,,,,,"Investment_Vehicles, Grants_Programs, Collective_Ownership_Models",,,,,https://fundacioseira.coop/,
Tea Protocol,,,org,Review: web3 open-source protocol for software supply chain incentives. Regenerative / bioregional relevance is unclear. Confirm whether to keep in CRM or remove.,,,,,,,,,,,,,,,,,,,https://tea.xyz/,
Alberto Danese,,,ind,"Original title included phone number 611097105; phone moved into title cleanup decision but phone property was not filled because the number lacks international prefix/source certainty. Existing body note says: guy to have a call with with Oscar. Search suggests this is Alberto Danese at R2M Solution, Barcelona. Possible ORSH relevance because of planned call with Oscar, but I did not add wanna collaborate with without confirmation.",,,,,"Innovation consultant at R2M Solution Spain in Barcelona, working around energy transition, renewable energy innovation, and EU project development.",,,,,https://linkedin.com/in/alberto-danese-regen,,,,,,,alberto.danese@r2msolution.es,,https://www.r2msolution.com/en/team-members/alberto-danese/,
Daniele,,,ind,,,,,,,,,,,,,,,,,,,,,
Monetary Diversity,,,"network/ecosystem, org","Review: MoDi operates globally, not specifically Catalan. Confirm continued CRM inclusion. Academy function makes Learning_Programs relevant; consider trimming ontology to top 3 if 4 feels excessive.",,,,,"Monetary Diversity is a global network and academy advancing complementary currencies, local exchange systems, and monetary pluralism. It builds capacity through research, education, and practitioner collaboration across diverse regional contexts.",,,,,,,,,"Alternative_Finance, Local_Currencies, Network_Weaving, Learning_Programs",,,,,https://www.monetarydiversity.org/,
Coordinatora Catalana de Fundaciones,,,"network/ecosystem, org","Membership association for foundations. Contact: info@ccfundacions.cat, 934 881 480. Review: broad foundation sector scope; confirm whether to prioritize as a funder-network contact.",,,,,"Coordinatora Catalana de Fundacions is a membership association representing over 3,000 Catalan foundations. It provides a comprehensive directory of foundations by sector, along with training, resources, and coordination services for the foundation sector across Catalonia.",,,,,,,,,Network_Weaving,,,,,https://ccfundacions.cat/directori-de-fundacions/,
Xavier Blanca,,,ind,,,,,,,,,,,,,,,,,,,,,
"Fabio ",,,ind,,,,,,,,,,,,,,,,,,,,,
Centre de Ciència i Tecnologia Forestal de Catalunya,CATBIS,,org,Added CATBIS: clear Catalan forestry/bioeconomy relevance. Possible duplicate with CTFC row; consolidate later if safe.,"Ops in Catalunya, catalan",regional,,,"CTFC is a forest science and technology center in Catalonia. It contributes to sustainable forest management, biodiversity, and the circular bioeconomy through research and technology transfer to society.",,,,,,"Bioeconomy, Eco Social Transition, Regeneration",,"Formal_Scientific_Process (https://app.notion.com/p/Formal_Scientific_Process-3331441510e181298bb3ee02c9dad9da?pvs=21), Ecological_Monitoring (https://app.notion.com/p/Ecological_Monitoring-3331441510e1816ba8f8c71a168a276e?pvs=21), Habitat_Connectivity (https://app.notion.com/p/Habitat_Connectivity-3331441510e18102979cd784e7b26d42?pvs=21), Vegetation_Planting (https://app.notion.com/p/Vegetation_Planting-3331441510e181a5a782e6cef8a24b7b?pvs=21), Materials_Transformation (https://app.notion.com/p/Materials_Transformation-3331441510e181788e3ad7ffb8a2be05?pvs=21)","Ecological_Monitoring, Formal_Scientific_Process, Habitat_Connectivity, Vegetation_Planting",,,,"Catalan forest science and technology centre contributing to sustainable forest management, biodiversity, circular bioeconomy, and research/technology transfer. Relevant to CATBIS as scientific infrastructure for forest resilience, territorial ecological monitoring, circular bioeconomy, and Mediterranean landscape stewardship.",https://www.ctfc.cat/,
CEPES Confederación Empresarial Española de la Economía Social,,,"network/ecosystem, org","Review: umbrella confederation for Spanish social economy. Confirm whether Value_Chain_Development fits, or if Political_Advocacy is sufficient.",,,,,"CEPES is the Spanish confederation for the social economy, representing cooperatives, mutuals, and labor insertion companies nationally and in Europe. It advocates for policy frameworks that support inclusive, solidarity-based enterprise.",,,,,,,,,"Network_Weaving, Political_Advocacy, Value_Chain_Development",,,,,https://www.cepes.es/,
Vicent Tarragona,,,ind,,,,,,,,,,,,,,,,,,,,,
Talaios Coop,,,"network/ecosystem, org","Website contact: info@talaios.coop, 943 013 297. Review: website positions Talaios as both a cooperative services provider and a network weaver. Ontology tags validated against downloaded ontology CSV.",,,,,"Talaios Coop is a Basque cooperative working at the intersection of free technologies, social and solidarity economy, and transformative networks. It offers strategy, analysis, digital tools, training, and entrepreneurship support for community and territorial transformation.",,,,,,,,,"Network_Weaving, Learning_Programs, Peer_Learning, Training_and_Employment_Pathways",,,,,https://talaios.coop/,
"Departament d’Agricultura, Ramaderia, Pesca i Alimentació — Generalitat de Catalunya",CATBIS,,public body,"Ontology relation filled for public governance, policy advocacy, regenerative agriculture, farmer support, agri-food value chains and water/resource management.","Ops in Catalunya, catalan",regional,,,"Catalan government department responsible for agriculture, livestock, fisheries, food policy, rural affairs, agri-food systems, food quality, and related public services in Catalunya.",,,,,,"Bioeconomy, Eco Social Transition",,"Governance_Bodies (https://app.notion.com/p/Governance_Bodies-3331441510e181688959d5e2a5457fc6?pvs=21), Political_Advocacy (https://app.notion.com/p/Political_Advocacy-3331441510e1812880fdd8d661966799?pvs=21), Regenerative_Agriculture (https://app.notion.com/p/Regenerative_Agriculture-3331441510e181a3a4c8d5e5948fe526?pvs=21), Farmer_Support (https://app.notion.com/p/Farmer_Support-3331441510e18121891cff38c403492d?pvs=21), Value_Chain_Development (https://app.notion.com/p/Value_Chain_Development-3331441510e181b0bf6efa361478dbf2?pvs=21), Water_Management (https://app.notion.com/p/Water_Management-3331441510e181288124c49fd649d9ba?pvs=21)",agriculture; livestock; fisheries; food policy; rural development; agri-food systems; public administration; Catalunya,,,,"Catalan public authority shaping agriculture, livestock, fisheries, food policy, rural development, and agri-food regulation. Relevant to CATBIS as institutional infrastructure for regenerative transition, bioeconomy, food-system policy, rural resilience, fisheries, and public programmes across Catalunya.",https://agricultura.gencat.cat/ca/inici/,
Natalie biodiversity company,,,,,,,,,,,,,,,,,,,,,,,,
Culture Hack Lab,"CATBIS, wanna collaborate with",,org,"Added CATBIS while preserving existing wanna-collaborate tag. Relevance is strong for ecological narrative/systems change, but Catalunya-specific fit should be confirmed.",international,regional,,,"Culture Hack Lab is a not-for-profit consultancy that supports organizations, movements, and activists to create cultural interventions for systems change. It combines tools, training, and data-driven narrative work to shift culture toward justice and ecological possibility.",,,,,,"Eco Social Transition, Regeneration",,"Art_and_Storytelling (https://app.notion.com/p/Art_and_Storytelling-3331441510e181ba993ecde5ccf02fac?pvs=21), Network_Weaving (https://app.notion.com/p/Network_Weaving-3331441510e18111a00ac80e1492315c?pvs=21), Storying_Place (https://app.notion.com/p/Storying_Place-3331441510e18182bf1cd178a1b9ecc1?pvs=21), Learning_Programs (https://app.notion.com/p/Learning_Programs-3331441510e181f48fccd81f52b7a58f?pvs=21), Political_Advocacy (https://app.notion.com/p/Political_Advocacy-3331441510e1812880fdd8d661966799?pvs=21)","Art_and_Storytelling, Network_Weaving, Storying_Place",,,,"Not-for-profit consultancy supporting organizations, movements, and activists to create cultural interventions, narrative strategies, and systems-change work toward justice and ecological possibility. Relevant to CATBIS as a cultural/narrative infrastructure actor for ecological transition, movement strategy, storytelling, and systems change.",https://www.culturehack.io/,
Agricultura Regenerativa Iberica,"CATBIS, wanna collaborate with","Ecosystems, Food, Social",org,,"Ops in Catalunya, Ops in Spain",regional,,,"Agricultura Regenerativa Ibérica is an Iberian association promoting regenerative agriculture and livestock. It supports producers, technicians, farms, and organisations working to restore soil fertility, biodiversity, climate resilience, food sovereignty, and rural viability.",,,,,,"Bioeconomy, Eco Social Transition, Regeneration",,"Regenerative_Agriculture (https://app.notion.com/p/Regenerative_Agriculture-3331441510e181a3a4c8d5e5948fe526?pvs=21), Farmer_Support (https://app.notion.com/p/Farmer_Support-3331441510e18121891cff38c403492d?pvs=21), Learning_Programs (https://app.notion.com/p/Learning_Programs-3331441510e181f48fccd81f52b7a58f?pvs=21), Water_Management (https://app.notion.com/p/Water_Management-3331441510e181288124c49fd649d9ba?pvs=21), Ecological_Monitoring (https://app.notion.com/p/Ecological_Monitoring-3331441510e1816ba8f8c71a168a276e?pvs=21)","Regenerative_Agriculture, Farmer_Support, Community_Food_Access, Network_Weaving",,,info@agriculturaregenerativa.es,"Iberian regenerative agriculture association with confirmed CATBIS relevance because Catalan actors and Catalunya-based projects participate in the network. It supports regenerative agriculture and livestock through farm mapping, training, knowledge-sharing, soil and water practices, biodiversity restoration, food sovereignty, and farmer/community support.",https://www.agriculturaregenerativa.es/,
CTFC — Centre de Ciència i Tecnologia Forestal de Catalunya,"CATBIS, wanna collaborate with",,org,"Ontology relation filled for forest science, ecological monitoring, habitat connectivity, regenerative/agro-bioeconomy and water/landscape stewardship. Possible duplicate/source review remains.","Ops in Catalunya, catalan",regional,,,"CTFC is a forest science and technology centre in Catalonia. It contributes to sustainable forest management, biodiversity, and the circular bioeconomy through research and technology transfer to society.",,,,,,"Bioeconomy, Eco Social Transition, Regeneration",,"Formal_Scientific_Process (https://app.notion.com/p/Formal_Scientific_Process-3331441510e181298bb3ee02c9dad9da?pvs=21), Ecological_Monitoring (https://app.notion.com/p/Ecological_Monitoring-3331441510e1816ba8f8c71a168a276e?pvs=21), Habitat_Connectivity (https://app.notion.com/p/Habitat_Connectivity-3331441510e18102979cd784e7b26d42?pvs=21), Regenerative_Agriculture (https://app.notion.com/p/Regenerative_Agriculture-3331441510e181a3a4c8d5e5948fe526?pvs=21), Materials_Transformation (https://app.notion.com/p/Materials_Transformation-3331441510e181788e3ad7ffb8a2be05?pvs=21), Water_Management (https://app.notion.com/p/Water_Management-3331441510e181288124c49fd649d9ba?pvs=21)",forestry; sustainable forest management; biodiversity; circular bioeconomy; climate adaptation; forest resilience,,,,"Catalan forest science and technology centre relevant to CATBIS through sustainable forest management, biodiversity, forest resilience, circular bioeconomy, climate adaptation, and applied research/technology transfer for territorial management.",https://ctfc.cat/en/,
Sorbus Bosques Multifuncionales,CATBIS,,org,"Added CATBIS with confirmation flag: strong regenerative agroforestry relevance, but Catalunya-specific role should be checked.",Ops in Spain,regional,,,"Sorbus is a specialized team that designs rural economic solutions based on local agroforestry resources. Its work spans agroforestry plantations, environmental studies, green filters, applied research, and environmental education.",,,,,,"Bioeconomy, Eco Social Transition, Regeneration",,"Regenerative_Agriculture (https://app.notion.com/p/Regenerative_Agriculture-3331441510e181a3a4c8d5e5948fe526?pvs=21), Vegetation_Planting (https://app.notion.com/p/Vegetation_Planting-3331441510e181a5a782e6cef8a24b7b?pvs=21), Water_Management (https://app.notion.com/p/Water_Management-3331441510e181288124c49fd649d9ba?pvs=21), Ecological_Monitoring (https://app.notion.com/p/Ecological_Monitoring-3331441510e1816ba8f8c71a168a276e?pvs=21), Farmer_Support (https://app.notion.com/p/Farmer_Support-3331441510e18121891cff38c403492d?pvs=21)",agroforestry; rural bioeconomy; green filters; environmental studies; ecological monitoring; water management,,,,"Agroforestry and environmental team designing rural economic solutions based on local agroforestry resources, including plantations, environmental studies, green filters, applied research, and environmental education. Relevant to CATBIS as regenerative agroforestry, rural bioeconomy, water/nature-based infrastructure, and ecological monitoring practice.",http://www.sorbusmedioambiente.es/,
Schola Campesina,CATBIS,,"network/ecosystem, org","Added CATBIS with confirmation flag: strong agroecology/food sovereignty relevance, but Catalunya-specific relevance is indirect.","Ops in Europe, international",regional,,Caroline Ledant (https://app.notion.com/p/Caroline-Ledant-3991441510e18060a87ed1a55b141f83?pvs=21),"Schola Campesina is an international agroecology school based in the Italian biodistrict Via Armerina e delle Fore. It facilitates horizontal knowledge exchange among food producers' organizations, academics, and NGOs to strengthen food sovereignty and agroecology worldwide.",,,,,,"Bioeconomy, Eco Social Transition, Regeneration",,"Regenerative_Agriculture (https://app.notion.com/p/Regenerative_Agriculture-3331441510e181a3a4c8d5e5948fe526?pvs=21), Farmer_Support (https://app.notion.com/p/Farmer_Support-3331441510e18121891cff38c403492d?pvs=21), Learning_Programs (https://app.notion.com/p/Learning_Programs-3331441510e181f48fccd81f52b7a58f?pvs=21), Peer_Learning (https://app.notion.com/p/Peer_Learning-3331441510e1811fa2ebc276ab53a2f6?pvs=21), Community_Food_Access (https://app.notion.com/p/Community_Food_Access-3331441510e1817daf1efe81df7ef31c?pvs=21)",agroecology school; food sovereignty; farmer learning; peer exchange; producer organizations; Europe,,,,"International agroecology school facilitating horizontal knowledge exchange among food producers’ organizations, academics, and NGOs to strengthen food sovereignty and agroecology. Relevant to CATBIS as a learning and peer-exchange reference for agroecology, farmer support, and food-sovereignty practice, though not specifically Catalan.",https://www.scholacampesina.org/,
Caroline Ledant,,,ind,"Ci ha messi in contatto Simone ",,,,Schola Campesina (https://app.notion.com/p/Schola-Campesina-3991441510e18020b21cdd6f6d5ee719?pvs=21),,,,,,https://www.linkedin.com/in/caroline-ledant/,,,,,,,,,,